Date,Mid,
2021-10-18,1.38736,
2021-10-15,1.38381,
2021-10-14,1.39271,
2021-10-13,1.39371,
2021-10-12,1.39846,
2021-10-11,1.38261,
2021-10-08,1.37829,
2021-10-07,1.37773,
2021-10-06,1.37507,
2021-10-05,1.37387,
2021-10-04,1.37054,
2021-10-01,1.37325,
2021-09-30,1.37371,
2021-09-29,1.38224,
2021-09-28,1.3897,
2021-09-27,1.38272,
2021-09-24,1.38314,
2021-09-23,1.37791,
2021-09-22,1.3739,
2021-09-21,1.37601,
2021-09-20,1.37855,
2021-09-17,1.37314,
2021-09-16,1.36863,
2021-09-15,1.37474,
2021-09-14,1.38623,
2021-09-13,1.38662,
2021-09-10,1.39277,
2021-09-09,1.39627,
2021-09-08,1.38896,
2021-09-07,1.38998,
2021-09-06,1.39129,
2021-09-03,1.39891,
2021-09-02,1.39332,
2021-09-01,1.38866,
2021-08-31,1.38183,
2021-08-30,1.38357,
2021-08-27,1.38938,
2021-08-26,1.39486,
2021-08-25,1.39516,
2021-08-24,1.39247,
2021-08-23,1.39244,
2021-08-20,1.40046,
2021-08-19,1.41389,
2021-08-18,1.41126,
2021-08-17,1.40608,
2021-08-16,1.40059,
2021-08-13,1.39725,
2021-08-12,1.3859,
2021-08-11,1.39021,
2021-08-10,1.38988,
2021-08-09,1.38497,
2021-08-06,1.38143,
2021-08-05,1.38303,
2021-08-04,1.38154,
2021-08-03,1.37379,
2021-08-02,1.37291,
2021-07-30,1.36715,
2021-07-29,1.36435,
2021-07-28,1.36669,
2021-07-27,1.36588,
2021-07-26,1.37023,
2021-07-23,1.37181,
2021-07-22,1.36846,
2021-07-21,1.3736,
2021-07-20,1.36743,
2021-07-19,1.36784,
2021-07-16,1.37304,
2021-07-15,1.36497,
2021-07-14,1.36289,
2021-07-13,1.35852,
2021-07-12,1.35769,
2021-07-09,1.36861,
2021-07-08,1.36336,
2021-07-07,1.36628,
2021-07-06,1.35102,
2021-07-05,1.35621,
2021-07-02,1.35611,
2021-07-01,1.36078,
2021-06-30,1.36259,
2021-06-29,1.35664,
2021-06-28,1.3663,
2021-06-25,1.3663,
2021-06-24,1.3623,
2021-06-23,1.34988,
2021-06-22,1.34489,
2021-06-21,1.35408,
2021-06-18,1.35532,
2021-06-17,1.34904,
2021-06-16,1.33586,
2021-06-15,1.34608,
2021-06-14,1.35142,
2021-06-11,1.35832,
2021-06-10,1.35081,
2021-06-09,1.34575,
2021-06-08,1.33288,
2021-06-07,1.32203,
2021-06-04,1.32909,
2021-06-03,1.34003,
2021-06-02,1.33575,
2021-06-01,1.33789,
2021-05-31,1.34332,
2021-05-28,1.34505,
2021-05-27,1.33637,
2021-05-26,1.34179,
2021-05-25,1.33214,
2021-05-24,1.33068,
2021-05-21,1.33566,
2021-05-20,1.3386,
2021-05-19,1.33586,
2021-05-18,1.33244,
2021-05-17,1.32817,
2021-05-14,1.32596,
2021-05-13,1.32709,
2021-05-12,1.32449,
2021-05-11,1.31964,
2021-05-10,1.31983,
2021-05-07,1.31144,
2021-05-06,1.32204,
2021-05-05,1.32692,
2021-05-04,1.31627,
2021-05-03,1.31477,
2021-04-30,1.31451,
2021-04-29,1.29854,
2021-04-28,1.30528,
2021-04-27,1.29154,
2021-04-26,1.29472,
2021-04-23,1.29233,
2021-04-22,1.29825,
2021-04-21,1.30431,
2021-04-20,1.30227,
2021-04-19,1.30391,
2021-04-16,1.30782,
2021-04-15,1.31453,
2021-04-14,1.29469,
2021-04-13,1.29387,
2021-04-12,1.29082,
2021-04-09,1.29022,
2021-04-08,1.30114,
2021-04-07,1.29348,
2021-04-06,1.3062,
2021-04-05,1.30433,
2021-04-02,1.2936,
2021-04-01,1.29133,
2021-03-31,1.28671,
2021-03-30,1.29757,
2021-03-29,1.29274,
2021-03-26,1.28835,
2021-03-25,1.29138,
2021-03-24,1.28568,
2021-03-23,1.28301,
2021-03-22,1.27395,
2021-03-19,1.27384,
2021-03-18,1.27215,
2021-03-17,1.27287,
2021-03-16,1.28155,
2021-03-15,1.29143,
2021-03-12,1.29725,
2021-03-11,1.29662,
2021-03-10,1.28885,
2021-03-09,1.28458,
2021-03-08,1.27942,
2021-03-05,1.28035,
2021-03-04,1.30016,
2021-03-03,1.29801,
2021-03-02,1.31576,
2021-03-01,1.32782,
2021-02-26,1.32801,
2021-02-25,1.33505,
2021-02-24,1.33825,
2021-02-23,1.33676,
2021-02-22,1.33488,
2021-02-19,1.31987,
2021-02-18,1.32084,
2021-02-17,1.31505,
2021-02-16,1.30625,
2021-02-15,1.30881,
2021-02-12,1.32129,
2021-02-11,1.30971,
2021-02-10,1.32376,
2021-02-09,1.31034,
2021-02-08,1.30829,
2021-02-05,1.30659,
2021-02-04,1.30326,
2021-02-03,1.30471,
2021-02-02,1.30709,
2021-02-01,1.30509,
2021-01-29,1.31422,
2021-01-28,1.31129,
2021-01-27,1.30712,
2021-01-26,1.30744,
2021-01-25,1.30836,
2021-01-22,1.30942,
2021-01-21,1.2996,
2021-01-20,1.29304,
2021-01-19,1.28806,
2021-01-18,1.27926,
2021-01-15,1.27399,
2021-01-14,1.2733,
2021-01-13,1.27302,
2021-01-12,1.26609,
2021-01-11,1.25654,
2021-01-08,1.25523,
2021-01-07,1.25863,
2021-01-06,1.25521,
2021-01-05,1.25536,
2021-01-04,1.26202,
2021-01-01,1.26055,
2020-12-31,1.26085,
2020-12-30,1.25399,
2020-12-29,1.24917,
2020-12-28,1.24798,
2020-12-25,1.2467,
2020-12-24,1.24739,
2020-12-23,1.24,
2020-12-22,1.22976,
2020-12-21,1.23343,
2020-12-18,1.24173,
2020-12-17,1.24169,
2020-12-16,1.25187,
2020-12-15,1.24673,
2020-12-14,1.23476,
2020-12-11,1.2423,
2020-12-10,1.25547,
2020-12-09,1.25712,
2020-12-08,1.26046,
2020-12-07,1.25396,
2020-12-04,1.26013,
2020-12-03,1.27463,
2020-12-02,1.27271,
2020-12-01,1.27218,
2020-11-30,1.26656,
2020-11-27,1.25958,
2020-11-26,1.25734,
2020-11-25,1.25495,
2020-11-24,1.24887,
2020-11-23,1.23454,
2020-11-20,1.23188,
2020-11-19,1.22591,
2020-11-18,1.23328,
2020-11-17,1.2188,
2020-11-16,1.21665,
2020-11-13,1.22193,
2020-11-12,1.2237,
2020-11-11,1.2251,
2020-11-10,1.21936,
2020-11-09,1.21003,
2020-11-06,1.22247,
2020-11-05,1.22289,
2020-11-04,1.22579,
2020-11-03,1.23329,
2020-11-02,1.24033,
2020-10-30,1.23543,
2020-10-29,1.23414,
2020-10-28,1.24329,
2020-10-27,1.24422,
2020-10-26,1.24869,
2020-10-23,1.25915,
2020-10-22,1.24697,
2020-10-21,1.24227,
2020-10-20,1.24284,
2020-10-19,1.23654,
2020-10-16,1.23432,
2020-10-15,1.23321,
2020-10-14,1.22879,
2020-10-13,1.24318,
2020-10-12,1.24939,
2020-10-09,1.2455,
2020-10-08,1.25108,
2020-10-07,1.26233,
2020-10-06,1.25002,
2020-10-05,1.24449,
2020-10-02,1.24525,
2020-10-01,1.23808,
2020-09-30,1.23297,
2020-09-29,1.22291,
2020-09-28,1.2264,
2020-09-25,1.23925,
2020-09-24,1.2373,
2020-09-23,1.24163,
2020-09-22,1.24171,
2020-09-21,1.24448,
2020-09-18,1.21997,
2020-09-17,1.18842,
2020-09-16,1.17488,
2020-09-15,1.15372,
2020-09-14,1.16301,
2020-09-11,1.14837,
2020-09-10,1.16141,
2020-09-09,1.20499,
2020-09-08,1.22674,
2020-09-07,1.22673,
2020-09-04,1.25653,
2020-09-03,1.28117,
2020-09-02,1.29017,
2020-09-01,1.31226,
2020-08-31,1.30459,
2020-08-28,1.29485,
2020-08-27,1.28698,
2020-08-26,1.28125,
2020-08-25,1.27518,
2020-08-24,1.28125,
2020-08-21,1.28839,
2020-08-20,1.28953,
2020-08-19,1.30038,
2020-08-18,1.29253,
2020-08-17,1.29529,
2020-08-14,1.28759,
2020-08-13,1.29144,
2020-08-12,1.29953,
2020-08-11,1.3004,
2020-08-10,1.30455,
2020-08-07,1.30413,
2020-08-06,1.29576,
2020-08-05,1.29468,
2020-08-04,1.29141,
2020-08-03,1.28818,
2020-07-31,1.29238,
2020-07-30,1.30005,
2020-07-29,1.30293,
2020-07-28,1.29928,
2020-07-27,1.32014,
2020-07-24,1.30909,
2020-07-23,1.30153,
2020-07-22,1.30272,
2020-07-21,1.30555,
2020-07-20,1.30701,
2020-07-17,1.31193,
2020-07-16,1.31379,
2020-07-15,1.30473,
2020-07-14,1.30077,
2020-07-13,1.30058,
2020-07-10,1.30784,
2020-07-09,1.30374,
2020-07-08,1.3013,
2020-07-07,1.29868,
2020-07-06,1.30569,
2020-07-03,1.3066,
2020-07-02,1.30918,
2020-07-01,1.31189,
2020-06-30,1.31685,
2020-06-29,1.30787,
2020-06-26,1.31349,
2020-06-25,1.32559,
2020-06-24,1.32559,
2020-06-23,1.31118,
2020-06-22,1.30758,
2020-06-19,1.29922,
2020-06-18,1.29527,
2020-06-17,1.29346,
2020-06-16,1.29337,
2020-06-15,1.29952,
2020-06-12,1.30092,
2020-06-11,1.30771,
2020-06-10,1.31292,
2020-06-09,1.33284,
2020-06-08,1.33266,
2020-06-05,1.31582,
2020-06-04,1.3194,
2020-06-03,1.31531,
2020-06-02,1.31349,
2020-06-01,1.31319,
2020-05-29,1.31554,
2020-05-28,1.3103,
2020-05-27,1.29904,
2020-05-26,1.29372,
2020-05-25,1.29132,
2020-05-22,1.29097,
2020-05-21,1.2919,
2020-05-20,1.2864,
2020-05-19,1.28982,
2020-05-18,1.28283,
2020-05-15,1.29038,
2020-05-14,1.29216,
2020-05-13,1.29238,
2020-05-12,1.29508,
2020-05-11,1.28998,
2020-05-08,1.28809,
2020-05-07,1.28473,
2020-05-06,1.28449,
2020-05-05,1.28505,
2020-05-04,1.27714,
2020-05-01,1.28135,
2020-04-30,1.28538,
2020-04-29,1.28808,
2020-04-28,1.28807,
2020-04-27,1.29368,
2020-04-24,1.29404,
2020-04-23,1.28969,
2020-04-22,1.28644,
2020-04-21,1.28549,
2020-04-20,1.28234,
2020-04-17,1.28488,
2020-04-16,1.29102,
2020-04-15,1.28693,
2020-04-14,1.29578,
2020-04-13,1.29802,
2020-04-10,1.28893,
2020-04-09,1.28256,
2020-04-08,1.27805,
2020-04-07,1.26065,
2020-04-06,1.26408,
2020-04-03,1.24314,
2020-04-02,1.2204,
2020-04-01,1.22162,
2020-03-31,1.22881,
2020-03-30,1.23291,
2020-03-27,1.23292,
2020-03-26,1.22979,
2020-03-25,1.23026,
2020-03-24,1.22835,
2020-03-23,1.22851,
2020-03-20,1.23174,
2020-03-19,1.23451,
2020-03-18,1.24921,
2020-03-17,1.24257,
2020-03-16,1.24751,
2020-03-13,1.25207,
2020-03-12,1.24676,
2020-03-11,1.24967,
2020-03-10,1.24237,
2020-03-09,1.24974,
2020-03-06,1.23299,
2020-03-05,1.23264,
2020-03-04,1.23516,
2020-03-03,1.23419,
2020-03-02,1.228,
2020-02-28,1.23311,
2020-02-27,1.22518,
2020-02-26,1.20798,
2020-02-25,1.20643,
2020-02-24,1.21573,
2020-02-21,1.21784,
2020-02-20,1.22104,
2020-02-19,1.2285,
2020-02-18,1.22163,
2020-02-17,1.22824,
2020-02-14,1.22456,
2020-02-13,1.21215,
2020-02-12,1.21648,
2020-02-11,1.21236,
2020-02-10,1.21425,
2020-02-07,1.20753,
2020-02-06,1.20515,
2020-02-05,1.20584,
2020-02-04,1.20747,
2020-02-03,1.20214,
2020-01-31,1.21333,
2020-01-30,1.21407,
2020-01-29,1.21657,
2020-01-28,1.21425,
2020-01-27,1.21572,
2020-01-24,1.21312,
2020-01-23,1.21573,
2020-01-22,1.21498,
2020-01-21,1.22158,
2020-01-20,1.23805,
2020-01-17,1.24505,
2020-01-16,1.24842,
2020-01-15,1.24381,
2020-01-14,1.24741,
2020-01-13,1.24972,
2020-01-10,1.2543,
2020-01-09,1.24307,
2020-01-08,1.24056,
2020-01-07,1.25146,
2020-01-06,1.25705,
2020-01-03,1.25198,
2020-01-02,1.25014,
2020-01-01,1.24584,
2019-12-31,1.25103,
2019-12-30,1.25209,
2019-12-27,1.25759,
2019-12-26,1.25711,
2019-12-25,1.25922,
2019-12-24,1.26386,
2019-12-23,1.26916,
2019-12-20,1.26693,
2019-12-19,1.26854,
2019-12-18,1.26861,
2019-12-17,1.2738,
2019-12-16,1.27403,
2019-12-13,1.27002,
2019-12-12,1.26374,
2019-12-11,1.25564,
2019-12-10,1.25325,
2019-12-09,1.25891,
2019-12-06,1.26726,
2019-12-05,1.26871,
2019-12-04,1.27196,
2019-12-03,1.26829,
2019-12-02,1.27354,
2019-11-29,1.26907,
2019-11-28,1.26833,
2019-11-27,1.26954,
2019-11-26,1.2663,
2019-11-25,1.26291,
2019-11-22,1.26051,
2019-11-21,1.26255,
2019-11-20,1.26525,
2019-11-19,1.26776,
2019-11-18,1.27111,
2019-11-15,1.26555,
2019-11-14,1.26598,
2019-11-13,1.27045,
2019-11-12,1.27225,
2019-11-11,1.2715,
2019-11-08,1.27936,
2019-11-07,1.28413,
2019-11-06,1.29035,
2019-11-05,1.29557,
2019-11-04,1.29997,
2019-11-01,1.30054,
2019-10-31,1.30043,
2019-10-30,1.30736,
2019-10-29,1.3095,
2019-10-28,1.31694,
2019-10-25,1.30287,
2019-10-24,1.30493,
2019-10-23,1.30294,
2019-10-22,1.29317,
2019-10-21,1.29106,
2019-10-18,1.28967,
2019-10-17,1.28993,
2019-10-16,1.29345,
2019-10-15,1.29772,
2019-10-14,1.29815,
2019-10-11,1.2984,
2019-10-10,1.3038,
2019-10-09,1.3045,
2019-10-08,1.30967,
2019-10-07,1.30634,
2019-10-04,1.30512,
2019-10-03,1.30851,
2019-10-02,1.30479,
2019-10-01,1.30551,
2019-09-30,1.30338,
2019-09-27,1.30729,
2019-09-26,1.31556,
2019-09-25,1.31234,
2019-09-24,1.31012,
2019-09-23,1.30294,
2019-09-20,1.30377,
2019-09-19,1.31858,
2019-09-18,1.3206,
2019-09-17,1.31972,
2019-09-16,1.32058,
2019-09-13,1.3108,
2019-09-12,1.31926,
2019-09-11,1.32647,
2019-09-10,1.32528,
2019-09-09,1.32884,
2019-09-06,1.32399,
2019-09-05,1.3337,
2019-09-04,1.3071,
2019-09-03,1.31486,
2019-09-02,1.30111,
2019-08-30,1.30802,
2019-08-29,1.31687,
2019-08-28,1.31773,
2019-08-27,1.31787,
2019-08-26,1.31983,
2019-08-23,1.32613,
2019-08-22,1.33067,
2019-08-21,1.32502,
2019-08-20,1.30957,
2019-08-19,1.30494,
2019-08-16,1.30359,
2019-08-15,1.3049,
2019-08-14,1.3061,
2019-08-13,1.29208,
2019-08-12,1.28865,
2019-08-09,1.28004,
2019-08-08,1.2845,
2019-08-07,1.28913,
2019-08-06,1.28579,
2019-08-05,1.29441,
2019-08-02,1.29518,
2019-08-01,1.29285,
2019-07-31,1.29487,
2019-07-30,1.30338,
2019-07-29,1.30739,
2019-07-26,1.31062,
2019-07-25,1.31155,
2019-07-24,1.30661,
2019-07-23,1.31534,
2019-07-22,1.31984,
2019-07-19,1.3062,
2019-07-18,1.30673,
2019-07-17,1.29539,
2019-07-16,1.28906,
2019-07-15,1.28696,
2019-07-12,1.29844,
2019-07-11,1.28774,
2019-07-10,1.28589,
2019-07-09,1.28582,
2019-07-08,1.28347,
2019-07-05,1.27418,
2019-07-04,1.27882,
2019-07-03,1.27133,
2019-07-02,1.2775,
2019-07-01,1.2717,
2019-06-28,1.26278,
2019-06-27,1.2606,
2019-06-26,1.27526,
2019-06-25,1.27526,
2019-06-24,1.26943,
2019-06-21,1.26416,
2019-06-20,1.26317,
2019-06-19,1.26544,
2019-06-18,1.27005,
2019-06-17,1.26247,
2019-06-14,1.26541,
2019-06-13,1.26097,
2019-06-12,1.26374,
2019-06-11,1.26199,
2019-06-10,1.25813,
2019-06-07,1.26509,
2019-06-06,1.26288,
2019-06-05,1.24837,
2019-06-04,1.25595,
2019-06-03,1.27296,
2019-05-31,1.27817,
2019-05-30,1.27319,
2019-05-29,1.27149,
2019-05-28,1.27232,
2019-05-27,1.27509,
2019-05-24,1.2785,
2019-05-23,1.28232,
2019-05-22,1.2742,
2019-05-21,1.28068,
2019-05-20,1.28006,
2019-05-17,1.28752,
2019-05-16,1.27743,
2019-05-15,1.27862,
2019-05-14,1.28496,
2019-05-13,1.28261,
2019-05-10,1.27688,
2019-05-09,1.29861,
2019-05-08,1.29675,
2019-05-07,1.28476,
2019-05-06,1.29729,
2019-05-03,1.30607,
2019-05-02,1.31219,
2019-05-01,1.3095,
2019-04-30,1.30398,
2019-04-29,1.29617,
2019-04-26,1.30009,
2019-04-25,1.27644,
2019-04-24,1.27066,
2019-04-23,1.27919,
2019-04-22,1.2826,
2019-04-19,1.28162,
2019-04-18,1.28792,
2019-04-17,1.29819,
2019-04-16,1.29564,
2019-04-15,1.30666,
2019-04-12,1.30168,
2019-04-11,1.31128,
2019-04-10,1.31767,
2019-04-09,1.31514,
2019-04-08,1.31516,
2019-04-05,1.32311,
2019-04-04,1.3188,
2019-04-03,1.31425,
2019-04-02,1.30859,
2019-04-01,1.31136,
2019-03-29,1.30208,
2019-03-28,1.29362,
2019-03-27,1.29777,
2019-03-26,1.30419,
2019-03-25,1.30278,
2019-03-22,1.30733,
2019-03-21,1.31639,
2019-03-20,1.31786,
2019-03-19,1.31192,
2019-03-18,1.30764,
2019-03-15,1.32589,
2019-03-14,1.31427,
2019-03-13,1.31475,
2019-03-12,1.31564,
2019-03-11,1.30664,
2019-03-08,1.3106,
2019-03-07,1.30446,
2019-03-06,1.30299,
2019-03-05,1.30253,
2019-03-04,1.29137,
2019-03-01,1.29261,
2019-02-28,1.29037,
2019-02-27,1.2854,
2019-02-26,1.28676,
2019-02-25,1.29528,
2019-02-22,1.30062,
2019-02-21,1.3025,
2019-02-20,1.28703,
2019-02-19,1.28915,
2019-02-18,1.28452,
2019-02-15,1.28132,
2019-02-14,1.29095,
2019-02-13,1.28987,
2019-02-12,1.27969,
2019-02-11,1.27466,
2019-02-08,1.27088,
2019-02-07,1.26942,
2019-02-06,1.27214,
2019-02-05,1.27594,
2019-02-04,1.27663,
2019-02-01,1.2823,
2019-01-31,1.28807,
2019-01-30,1.29385,
2019-01-29,1.29426,
2019-01-28,1.30011,
2019-01-25,1.30155,
2019-01-24,1.31259,
2019-01-23,1.3122,
2019-01-22,1.31315,
2019-01-21,1.30967,
2019-01-18,1.31072,
2019-01-17,1.31877,
2019-01-16,1.31436,
2019-01-15,1.30977,
2019-01-14,1.31287,
2019-01-11,1.30139,
2019-01-10,1.30679,
2019-01-09,1.3114,
2019-01-08,1.32352,
2019-01-07,1.32323,
2019-01-04,1.3205,
2019-01-03,1.32032,
2019-01-02,1.32709,
2019-01-01,1.32556,
2018-12-31,1.32844,
2018-12-28,1.32209,
2018-12-27,1.32251,
2018-12-26,1.31893,
2018-12-25,1.31421,
2018-12-24,1.3204,
2018-12-21,1.30761,
2018-12-20,1.31128,
2018-12-19,1.32184,
2018-12-18,1.32764,
2018-12-17,1.32593,
2018-12-14,1.32343,
2018-12-13,1.31691,
2018-12-12,1.31726,
2018-12-11,1.32437,
2018-12-10,1.32763,
2018-12-07,1.32604,
2018-12-06,1.33737,
2018-12-05,1.33703,
2018-12-04,1.33729,
2018-12-03,1.34081,
2018-11-30,1.3421,
2018-11-29,1.34113,
2018-11-28,1.33851,
2018-11-27,1.33122,
2018-11-26,1.33449,
2018-11-23,1.32957,
2018-11-22,1.32844,
2018-11-21,1.32416,
2018-11-20,1.33092,
2018-11-19,1.32946,
2018-11-16,1.33769,
2018-11-15,1.33449,
2018-11-14,1.34278,
2018-11-13,1.34217,
2018-11-12,1.34679,
2018-11-09,1.35153,
2018-11-08,1.34832,
2018-11-07,1.35,
2018-11-06,1.35559,
2018-11-05,1.35407,
2018-11-02,1.35169,
2018-11-01,1.35447,
2018-10-31,1.3546,
2018-10-30,1.35558,
2018-10-29,1.35253,
2018-10-26,1.35729,
2018-10-25,1.35718,
2018-10-24,1.36124,
2018-10-23,1.3755,
2018-10-22,1.37785,
2018-10-19,1.3915,
2018-10-18,1.39291,
2018-10-17,1.39767,
2018-10-16,1.39391,
2018-10-15,1.40002,
2018-10-12,1.40833,
2018-10-11,1.42,
2018-10-10,1.42862,
2018-10-09,1.43369,
2018-10-08,1.42372,
2018-10-05,1.42268,
2018-10-04,1.41746,
2018-10-03,1.41742,
2018-10-02,1.41294,
2018-10-01,1.40814,
2018-09-28,1.40015,
2018-09-27,1.40782,
2018-09-26,1.40557,
2018-09-25,1.4043,
2018-09-24,1.40088,
2018-09-21,1.40174,
2018-09-20,1.40762,
2018-09-19,1.41556,
2018-09-18,1.42273,
2018-09-17,1.41305,
2018-09-14,1.40948,
2018-09-13,1.41393,
2018-09-12,1.39968,
2018-09-11,1.40226,
2018-09-10,1.39432,
2018-09-07,1.39357,
2018-09-06,1.39605,
2018-09-05,1.39602,
2018-09-04,1.39052,
2018-09-03,1.38447,
2018-08-31,1.38089,
2018-08-30,1.3899,
2018-08-29,1.38863,
2018-08-28,1.38482,
2018-08-27,1.3798,
2018-08-24,1.37746,
2018-08-23,1.3759,
2018-08-22,1.3906,
2018-08-21,1.39668,
2018-08-20,1.39656,
2018-08-17,1.39531,
2018-08-16,1.39182,
2018-08-15,1.39948,
2018-08-14,1.39964,
2018-08-13,1.40298,
2018-08-10,1.40981,
2018-08-09,1.39956,
2018-08-08,1.38909,
2018-08-07,1.38357,
2018-08-06,1.38239,
2018-08-03,1.39105,
2018-08-02,1.38809,
2018-08-01,1.3948,
2018-07-31,1.39572,
2018-07-30,1.41213,
2018-07-27,1.42595,
2018-07-26,1.41902,
2018-07-25,1.41447,
2018-07-24,1.40727,
2018-07-23,1.41562,
2018-07-20,1.41313,
2018-07-19,1.42375,
2018-07-18,1.39973,
2018-07-17,1.39837,
2018-07-16,1.38479,
2018-07-13,1.38922,
2018-07-12,1.38306,
2018-07-11,1.3791,
2018-07-10,1.37935,
2018-07-09,1.37277,
2018-07-06,1.35355,
2018-07-05,1.3506,
2018-07-04,1.35395,
2018-07-03,1.35662,
2018-07-02,1.3564,
2018-06-29,1.35504,
2018-06-28,1.35142,
2018-06-27,1.35889,
2018-06-26,1.34944,
2018-06-25,1.34944,
2018-06-22,1.34382,
2018-06-21,1.33965,
2018-06-20,1.33733,
2018-06-19,1.33899,
2018-06-18,1.33541,
2018-06-15,1.33846,
2018-06-14,1.33752,
2018-06-13,1.33843,
2018-06-12,1.33814,
2018-06-11,1.33269,
2018-06-08,1.34303,
2018-06-07,1.3419,
2018-06-06,1.33168,
2018-06-05,1.33382,
2018-06-04,1.33789,
2018-06-01,1.34739,
2018-05-31,1.33903,
2018-05-30,1.34422,
2018-05-29,1.3479,
2018-05-28,1.34746,
2018-05-25,1.3524,
2018-05-24,1.34095,
2018-05-23,1.33387,
2018-05-22,1.33178,
2018-05-21,1.33346,
2018-05-18,1.33082,
2018-05-17,1.33248,
2018-05-16,1.3237,
2018-05-15,1.32344,
2018-05-14,1.32156,
2018-05-11,1.31938,
2018-05-10,1.31712,
2018-05-09,1.31645,
2018-05-08,1.31154,
2018-05-07,1.31881,
2018-05-04,1.31444,
2018-05-03,1.3114,
2018-05-02,1.31661,
2018-05-01,1.31708,
2018-04-30,1.30738,
2018-04-27,1.30579,
2018-04-26,1.32432,
2018-04-25,1.32821,
2018-04-24,1.32071,
2018-04-23,1.31247,
2018-04-20,1.31584,
2018-04-19,1.32598,
2018-04-18,1.31308,
2018-04-17,1.31966,
2018-04-16,1.31871,
2018-04-13,1.31551,
2018-04-12,1.32045,
2018-04-11,1.31887,
2018-04-10,1.32493,
2018-04-09,1.32823,
2018-04-06,1.32599,
2018-04-05,1.32222,
2018-04-04,1.32025,
2018-04-03,1.314,
2018-04-02,1.30645,
2018-03-30,1.31179,
2018-03-29,1.32479,
2018-03-28,1.32375,
2018-03-27,1.3275,
2018-03-26,1.33953,
2018-03-23,1.34395,
2018-03-22,1.33844,
2018-03-21,1.34587,
2018-03-20,1.34646,
2018-03-19,1.34934,
2018-03-16,1.35748,
2018-03-15,1.34934,
2018-03-14,1.35064,
2018-03-13,1.34935,
2018-03-12,1.35937,
2018-03-09,1.3395,
2018-03-08,1.32073,
2018-03-07,1.32823,
2018-03-06,1.31616,
2018-03-05,1.31915,
2018-03-02,1.31,
2018-03-01,1.30408,
2018-02-28,1.30288,
2018-02-27,1.29298,
2018-02-26,1.29507,
2018-02-23,1.29286,
2018-02-22,1.29239,
2018-02-21,1.29172,
2018-02-20,1.29306,
2018-02-19,1.28761,
2018-02-16,1.27993,
2018-02-15,1.27973,
2018-02-14,1.28225,
2018-02-13,1.28978,
2018-02-12,1.28723,
2018-02-09,1.28648,
2018-02-08,1.28896,
2018-02-07,1.2868,
2018-02-06,1.29635,
2018-02-05,1.30078,
2018-02-02,1.29757,
2018-02-01,1.30033,
2018-01-31,1.29907,
2018-01-30,1.30336,
2018-01-29,1.30366,
2018-01-26,1.31368,
2018-01-25,1.3222,
2018-01-24,1.32017,
2018-01-23,1.32134,
2018-01-22,1.31335,
2018-01-19,1.30649,
2018-01-18,1.31212,
2018-01-17,1.30231,
2018-01-16,1.30278,
2018-01-15,1.29931,
2018-01-12,1.29738,
2018-01-11,1.30203,
2018-01-10,1.30378,
2018-01-09,1.30532,
2018-01-08,1.30973,
2018-01-05,1.29362,
2018-01-04,1.28821,
2018-01-03,1.28434,
2018-01-02,1.28799,
2018-01-01,1.28864,
2017-12-29,1.29712,
2017-12-28,1.29337,
2017-12-27,1.29162,
2017-12-26,1.29363,
2017-12-25,1.30183,
2017-12-22,1.30038,
2017-12-21,1.2924,
2017-12-20,1.28138,
2017-12-19,1.27223,
2017-12-18,1.27159,
2017-12-15,1.26814,
2017-12-14,1.26705,
2017-12-13,1.2629,
2017-12-12,1.27359,
2017-12-11,1.27726,
2017-12-08,1.27543,
2017-12-07,1.27484,
2017-12-06,1.27517,
2017-12-05,1.26571,
2017-12-04,1.27365,
2017-12-01,1.29506,
2017-11-30,1.29591,
2017-11-29,1.29076,
2017-11-28,1.29039,
2017-11-27,1.28894,
2017-11-24,1.28792,
2017-11-23,1.28881,
2017-11-22,1.28569,
2017-11-21,1.28375,
2017-11-20,1.28032,
2017-11-17,1.29405,
2017-11-16,1.29725,
2017-11-15,1.29603,
2017-11-14,1.29998,
2017-11-13,1.30349,
2017-11-10,1.29348,
2017-11-09,1.2969,
2017-11-08,1.29155,
2017-11-07,1.2892,
2017-11-06,1.28848,
2017-11-03,1.28867,
2017-11-02,1.29375,
2017-11-01,1.29307,
2017-10-31,1.29363,
2017-10-30,1.29753,
2017-10-27,1.29214,
2017-10-26,1.28663,
2017-10-25,1.29382,
2017-10-24,1.28838,
2017-10-23,1.29476,
2017-10-20,1.29036,
2017-10-19,1.28464,
2017-10-18,1.28414,
2017-10-17,1.27943,
2017-10-16,1.28022,
2017-10-13,1.2809,
2017-10-12,1.27772,
2017-10-11,1.284,
2017-10-10,1.25631,
2017-10-09,1.25172,
2017-10-06,1.25008,
2017-10-05,1.25387,
2017-10-04,1.24893,
2017-10-03,1.24117,
2017-10-02,1.23678,
2017-09-29,1.24677,
2017-09-28,1.2482,
2017-09-27,1.24382,
2017-09-26,1.24839,
2017-09-25,1.25512,
2017-09-22,1.24676,
2017-09-21,1.24347,
2017-09-20,1.24473,
2017-09-19,1.25572,
2017-09-18,1.2471,
2017-09-15,1.25199,
2017-09-14,1.2483,
2017-09-13,1.24769,
2017-09-12,1.23578,
2017-09-11,1.23945,
2017-09-08,1.23586,
2017-09-07,1.22911,
2017-09-06,1.21487,
2017-09-05,1.22178,
2017-09-04,1.21636,
2017-09-01,1.21642,
2017-08-31,1.2165,
2017-08-30,1.21984,
2017-08-29,1.22352,
2017-08-28,1.22915,
2017-08-25,1.2265,
2017-08-24,1.22922,
2017-08-23,1.238,
2017-08-22,1.24426,
2017-08-21,1.24561,
2017-08-18,1.25561,
2017-08-17,1.24419,
2017-08-16,1.2473,
2017-08-15,1.24597,
2017-08-14,1.24069,
2017-08-11,1.24887,
2017-08-10,1.24589,
2017-08-09,1.24664,
2017-08-08,1.25239,
2017-08-07,1.24835,
2017-08-04,1.24942,
2017-08-03,1.2541,
2017-08-02,1.25075,
2017-08-01,1.24651,
2017-07-31,1.24765,
2017-07-28,1.25236,
2017-07-27,1.26568,
2017-07-26,1.25777,
2017-07-25,1.2484,
2017-07-24,1.25447,
2017-07-21,1.25914,
2017-07-20,1.26303,
2017-07-19,1.25194,
2017-07-18,1.2532,
2017-07-17,1.23741,
2017-07-14,1.23418,
2017-07-13,1.22574,
2017-07-12,1.24128,
2017-07-11,1.20411,
2017-07-10,1.2175,
2017-07-07,1.21604,
2017-07-06,1.22085,
2017-07-05,1.21752,
2017-07-04,1.21581,
2017-07-03,1.22798,
2017-06-30,1.24147,
2017-06-29,1.23208,
2017-06-28,1.2236,
2017-06-27,1.22744,
2017-06-26,1.23399,
2017-06-23,1.22571,
2017-06-22,1.22238,
2017-06-21,1.22661,
2017-06-20,1.22805,
2017-06-19,1.22871,
2017-06-16,1.22809,
2017-06-15,1.23505,
2017-06-14,1.23642,
2017-06-13,1.23918,
2017-06-12,1.24856,
2017-06-09,1.2416,
2017-06-08,1.25593,
2017-06-07,1.26564,
2017-06-06,1.26718,
2017-06-05,1.25646,
2017-06-02,1.2583,
2017-06-01,1.26238,
2017-05-31,1.2676,
2017-05-30,1.27305,
2017-05-29,1.27265,
2017-05-26,1.25875,
2017-05-25,1.25039,
2017-05-24,1.24892,
2017-05-23,1.24128,
2017-05-22,1.24843,
2017-05-19,1.24448,
2017-05-18,1.24371,
2017-05-17,1.24223,
2017-05-16,1.24881,
2017-05-15,1.23366,
2017-05-12,1.24107,
2017-05-11,1.24389,
2017-05-10,1.2455,
2017-05-09,1.2486,
2017-05-08,1.25954,
2017-05-05,1.25518,
2017-05-04,1.24025,
2017-05-03,1.2372,
2017-05-02,1.23937,
2017-05-01,1.25177,
2017-04-28,1.24584,
2017-04-27,1.2301,
2017-04-26,1.22407,
2017-04-25,1.22435,
2017-04-24,1.21833,
2017-04-21,1.21609,
2017-04-20,1.22453,
2017-04-19,1.21847,
2017-04-18,1.22362,
2017-04-17,1.2228,
2017-04-14,1.22515,
2017-04-13,1.22859,
2017-04-12,1.22964,
2017-04-11,1.21797,
2017-04-10,1.2181,
2017-04-07,1.22512,
2017-04-06,1.22045,
2017-04-05,1.21196,
2017-04-04,1.23599,
2017-04-03,1.2427,
2017-03-31,1.2614,
2017-03-30,1.27458,
2017-03-29,1.27264,
2017-03-28,1.28392,
2017-03-27,1.29737,
2017-03-24,1.29677,
2017-03-23,1.30152,
2017-03-22,1.30216,
2017-03-21,1.29743,
2017-03-20,1.29604,
2017-03-17,1.30746,
2017-03-16,1.3028,
2017-03-15,1.29874,
2017-03-14,1.30277,
2017-03-13,1.29953,
2017-03-10,1.32369,
2017-03-09,1.32327,
2017-03-08,1.31913,
2017-03-07,1.33353,
2017-03-06,1.32606,
2017-03-03,1.32911,
2017-03-02,1.33394,
2017-03-01,1.3438,
2017-02-28,1.3301,
2017-02-27,1.32906,
2017-02-24,1.32672,
2017-02-23,1.31371,
2017-02-22,1.3076,
2017-02-21,1.3103,
2017-02-20,1.31297,
2017-02-17,1.31902,
2017-02-16,1.32312,
2017-02-15,1.3197,
2017-02-14,1.31367,
2017-02-13,1.30736,
2017-02-10,1.31643,
2017-02-09,1.30407,
2017-02-08,1.30453,
2017-02-07,1.28771,
2017-02-06,1.29148,
2017-02-03,1.29553,
2017-02-02,1.30083,
2017-02-01,1.30008,
2017-01-31,1.30388,
2017-01-30,1.30669,
2017-01-27,1.31056,
2017-01-26,1.33234,
2017-01-25,1.33549,
2017-01-24,1.31741,
2017-01-23,1.32224,
2017-01-20,1.31608,
2017-01-19,1.32211,
2017-01-18,1.31277,
2017-01-17,1.31354,
2017-01-16,1.3109,
2017-01-13,1.32318,
2017-01-12,1.32028,
2017-01-11,1.31091,
2017-01-10,1.32548,
2017-01-09,1.31838,
2017-01-06,1.33411,
2017-01-05,1.31439,
2017-01-04,1.32446,
2017-01-03,1.29937,
2017-01-02,1.29529,
2016-12-30,1.2905,
2016-12-29,1.29284,
2016-12-28,1.3021,
2016-12-27,1.32854,
2016-12-26,1.32718,
2016-12-23,1.33076,
2016-12-22,1.34249,
2016-12-21,1.33379,
2016-12-20,1.32192,
2016-12-19,1.36595,
2016-12-16,1.48667,
2016-12-15,1.47029,
2016-12-14,1.4642,
2016-12-13,1.46971,
2016-12-12,1.43535,
2016-12-09,1.42006,
2016-12-08,1.42019,
2016-12-07,1.41094,
2016-12-06,1.42679,
2016-12-05,1.42485,
2016-12-02,1.44543,
2016-12-01,1.45017,
2016-11-30,1.45432,
2016-11-29,1.44387,
2016-11-28,1.45075,
2016-11-25,1.44206,
2016-11-24,1.44143,
2016-11-23,1.44806,
2016-11-22,1.4639,
2016-11-21,1.46152,
2016-11-18,1.46684,
2016-11-17,1.4695,
2016-11-16,1.46319,
2016-11-15,1.44835,
2016-11-14,1.44988,
2016-11-11,1.46089,
2016-11-10,1.45973,
2016-11-09,1.44609,
2016-11-08,1.44008,
2016-11-07,1.43546,
2016-11-04,1.44472,
2016-11-03,1.44463,
2016-11-02,1.44389,
2016-11-01,1.44051,
2016-10-31,1.44203,
2016-10-28,1.4484,
2016-10-27,1.44926,
2016-10-26,1.45335,
2016-10-25,1.46722,
2016-10-24,1.46085,
2016-10-21,1.46062,
2016-10-20,1.45404,
2016-10-19,1.45793,
2016-10-18,1.44806,
2016-10-17,1.43983,
2016-10-14,1.43222,
2016-10-13,1.43307,
2016-10-12,1.43969,
2016-10-11,1.42768,
2016-10-10,1.41982,
2016-10-07,1.41521,
2016-10-06,1.42026,
2016-10-05,1.42736,
2016-10-04,1.42348,
2016-10-03,1.41231,
2016-09-30,1.40553,
2016-09-29,1.41207,
2016-09-28,1.41601,
2016-09-27,1.42621,
2016-09-26,1.42211,
2016-09-23,1.43589,
2016-09-22,1.43774,
2016-09-21,1.43792,
2016-09-20,1.42534,
2016-09-19,1.41211,
2016-09-16,1.41515,
2016-09-15,1.41141,
2016-09-14,1.42056,
2016-09-13,1.43673,
2016-09-12,1.4475,
2016-09-09,1.44794,
2016-09-08,1.42573,
2016-09-07,1.41488,
2016-09-06,1.43009,
2016-09-05,1.43821,
2016-09-02,1.42769,
2016-09-01,1.42149,
2016-08-31,1.42137,
2016-08-30,1.42621,
2016-08-29,1.4229,
2016-08-26,1.41742,
2016-08-25,1.40767,
2016-08-24,1.39522,
2016-08-23,1.39136,
2016-08-22,1.3869,
2016-08-19,1.396,
2016-08-18,1.39246,
2016-08-17,1.40212,
2016-08-16,1.4149,
2016-08-15,1.44014,
2016-08-12,1.43328,
2016-08-11,1.42876,
2016-08-10,1.4302,
2016-08-09,1.44317,
2016-08-08,1.44996,
2016-08-05,1.44753,
2016-08-04,1.45209,
2016-08-03,1.4469,
2016-08-02,1.44313,
2016-08-01,1.44999,
2016-07-29,1.45878,
2016-07-28,1.46004,
2016-07-27,1.44076,
2016-07-26,1.44311,
2016-07-25,1.42409,
2016-07-22,1.43579,
2016-07-21,1.42325,
2016-07-20,1.43493,
2016-07-19,1.42479,
2016-07-18,1.42619,
2016-07-15,1.42205,
2016-07-14,1.41897,
2016-07-13,1.4157,
2016-07-12,1.42416,
2016-07-11,1.42485,
2016-07-08,1.44109,
2016-07-07,1.44053,
2016-07-06,1.44473,
2016-07-05,1.45407,
2016-07-04,1.45175,
2016-07-01,1.46164,
2016-06-30,1.46296,
2016-06-29,1.46732,
2016-06-28,1.47121,
2016-06-27,1.47293,
2016-06-24,1.47293,
2016-06-23,1.48127,
2016-06-22,1.48125,
2016-06-21,1.48786,
2016-06-20,1.49266,
2016-06-17,1.49009,
2016-06-16,1.48695,
2016-06-15,1.48255,
2016-06-14,1.48825,
2016-06-13,1.48905,
2016-06-10,1.48955,
2016-06-09,1.5001,
2016-06-08,1.50358,
2016-06-07,1.51407,
2016-06-06,1.52174,
2016-06-03,1.51586,
2016-06-02,1.51798,
2016-06-01,1.50057,
2016-05-31,1.50537,
2016-05-30,1.51032,
2016-05-27,1.51425,
2016-05-26,1.49511,
2016-05-25,1.50805,
2016-05-24,1.50546,
2016-05-23,1.50297,
2016-05-20,1.51006,
2016-05-19,1.51277,
2016-05-18,1.50787,
2016-05-17,1.51224,
2016-05-16,1.51855,
2016-05-13,1.52894,
2016-05-12,1.52352,
2016-05-11,1.52109,
2016-05-10,1.52012,
2016-05-09,1.52348,
2016-05-06,1.52309,
2016-05-05,1.521,
2016-05-04,1.51176,
2016-05-03,1.51134,
2016-05-02,1.50412,
2016-04-29,1.52069,
2016-04-28,1.53837,
2016-04-27,1.54203,
2016-04-26,1.54164,
2016-04-25,1.54259,
2016-04-22,1.54265,
2016-04-21,1.53092,
2016-04-20,1.52598,
2016-04-19,1.52991,
2016-04-18,1.53504,
2016-04-15,1.53105,
2016-04-14,1.53931,
2016-04-13,1.54173,
2016-04-12,1.54422,
2016-04-11,1.54636,
2016-04-08,1.5432,
2016-04-07,1.54526,
2016-04-06,1.54762,
2016-04-05,1.52468,
2016-04-04,1.53475,
2016-04-01,1.53041,
2016-03-31,1.53451,
2016-03-30,1.53169,
2016-03-29,1.52236,
2016-03-28,1.51448,
2016-03-25,1.51809,
2016-03-24,1.51293,
2016-03-23,1.51271,
2016-03-22,1.51476,
2016-03-21,1.51715,
2016-03-18,1.51748,
2016-03-17,1.52418,
2016-03-16,1.52404,
2016-03-15,1.53621,
2016-03-14,1.55054,
2016-03-11,1.55223,
2016-03-10,1.55891,
2016-03-09,1.54892,
2016-03-08,1.53427,
2016-03-07,1.54254,
2016-03-04,1.54263,
2016-03-03,1.54431,
2016-03-02,1.53661,
2016-03-01,1.53932,
2016-02-29,1.52704,
2016-02-26,1.5165,
2016-02-25,1.52555,
2016-02-24,1.52981,
2016-02-23,1.53024,
2016-02-22,1.5343,
2016-02-19,1.53881,
2016-02-18,1.54014,
2016-02-17,1.54599,
2016-02-16,1.56863,
2016-02-15,1.57726,
2016-02-12,1.56888,
2016-02-11,1.56891,
2016-02-10,1.56781,
2016-02-09,1.56579,
2016-02-08,1.55832,
2016-02-05,1.56385,
2016-02-04,1.56069,
2016-02-03,1.56094,
2016-02-02,1.55679,
2016-02-01,1.55897,
2016-01-29,1.54894,
2016-01-28,1.55113,
2016-01-27,1.5601,
2016-01-26,1.55603,
2016-01-25,1.5584,
2016-01-22,1.56146,
2016-01-21,1.55991,
2016-01-20,1.55961,
2016-01-19,1.5611,
2016-01-18,1.55578,
2016-01-15,1.55049,
2016-01-14,1.55114,
2016-01-13,1.56117,
2016-01-12,1.55528,
2016-01-11,1.55598,
2016-01-08,1.56015,
2016-01-07,1.56064,
2016-01-06,1.5637,
2016-01-05,1.56352,
2016-01-04,1.54844,
2016-01-01,1.55061,
2015-12-31,1.53795,
2015-12-30,1.53605,
2015-12-29,1.54613,
2015-12-28,1.56013,
2015-12-25,1.55665,
2015-12-24,1.56068,
2015-12-23,1.56153,
2015-12-22,1.57135,
2015-12-21,1.5736,
2015-12-18,1.57398,
2015-12-17,1.57481,
2015-12-16,1.57033,
2015-12-15,1.57292,
2015-12-14,1.58237,
2015-12-11,1.58821,
2015-12-10,1.58771,
2015-12-09,1.58306,
2015-12-08,1.56463,
2015-12-07,1.55998,
2015-12-04,1.55558,
2015-12-03,1.5516,
2015-12-02,1.5529,
2015-12-01,1.53836,
2015-11-30,1.53476,
2015-11-27,1.52634,
2015-11-26,1.53628,
2015-11-25,1.53391,
2015-11-24,1.5343,
2015-11-23,1.52001,
2015-11-20,1.52899,
2015-11-19,1.53141,
2015-11-18,1.53515,
2015-11-17,1.53831,
2015-11-16,1.54674,
2015-11-13,1.54789,
2015-11-12,1.5661,
2015-11-11,1.55341,
2015-11-10,1.55092,
2015-11-09,1.56521,
2015-11-06,1.57286,
2015-11-05,1.57753,
2015-11-04,1.5744,
2015-11-03,1.56687,
2015-11-02,1.55844,
2015-10-30,1.54524,
2015-10-29,1.52424,
2015-10-28,1.52434,
2015-10-27,1.51806,
2015-10-26,1.51185,
2015-10-23,1.51344,
2015-10-22,1.53512,
2015-10-21,1.54355,
2015-10-20,1.53379,
2015-10-19,1.52368,
2015-10-16,1.51865,
2015-10-15,1.5053,
2015-10-14,1.50352,
2015-10-13,1.49252,
2015-10-12,1.4904,
2015-10-09,1.49584,
2015-10-08,1.49306,
2015-10-07,1.48406,
2015-10-06,1.47782,
2015-10-05,1.46732,
2015-10-02,1.46318,
2015-10-01,1.47116,
2015-09-30,1.48652,
2015-09-29,1.48067,
2015-09-28,1.48749,
2015-09-25,1.49089,
2015-09-24,1.48266,
2015-09-23,1.4822,
2015-09-22,1.48155,
2015-09-21,1.48094,
2015-09-18,1.48751,
2015-09-17,1.48475,
2015-09-16,1.48806,
2015-09-15,1.48489,
2015-09-14,1.49501,
2015-09-11,1.49594,
2015-09-10,1.47499,
2015-09-09,1.49771,
2015-09-08,1.47477,
2015-09-07,1.4827,
2015-09-04,1.47412,
2015-09-03,1.48817,
2015-09-02,1.49272,
2015-09-01,1.50666,
2015-08-31,1.51271,
2015-08-28,1.50332,
2015-08-27,1.52378,
2015-08-26,1.52628,
2015-08-25,1.53589,
2015-08-24,1.53649,
2015-08-21,1.54319,
2015-08-20,1.54033,
2015-08-19,1.55276,
2015-08-18,1.54513,
2015-08-17,1.54557,
2015-08-14,1.53917,
2015-08-13,1.54129,
2015-08-12,1.54345,
2015-08-11,1.53513,
2015-08-10,1.53603,
2015-08-07,1.53837,
2015-08-06,1.53827,
2015-08-05,1.52307,
2015-08-04,1.52526,
2015-08-03,1.52148,
2015-07-31,1.52363,
2015-07-30,1.53273,
2015-07-29,1.51791,
2015-07-28,1.51649,
2015-07-27,1.50383,
2015-07-24,1.50594,
2015-07-23,1.50642,
2015-07-22,1.51357,
2015-07-21,1.51961,
2015-07-20,1.50784,
2015-07-17,1.49855,
2015-07-16,1.50084,
2015-07-15,1.51413,
2015-07-14,1.51426,
2015-07-13,1.5111,
2015-07-10,1.5137,
2015-07-09,1.51793,
2015-07-08,1.52304,
2015-07-07,1.5158,
2015-07-06,1.51712,
2015-07-03,1.51554,
2015-07-02,1.50887,
2015-07-01,1.51098,
2015-06-30,1.51502,
2015-06-29,1.52472,
2015-06-26,1.53252,
2015-06-25,1.55711,
2015-06-24,1.5574,
2015-06-23,1.55605,
2015-06-22,1.55153,
2015-06-19,1.55512,
2015-06-18,1.55544,
2015-06-17,1.55534,
2015-06-16,1.55187,
2015-06-15,1.55882,
2015-06-12,1.5617,
2015-06-11,1.5668,
2015-06-10,1.55732,
2015-06-09,1.57484,
2015-06-08,1.5637,
2015-06-05,1.57145,
2015-06-04,1.57301,
2015-06-03,1.57143,
2015-06-02,1.56658,
2015-06-01,1.56508,
2015-05-29,1.55768,
2015-05-28,1.56719,
2015-05-27,1.56843,
2015-05-26,1.56372,
2015-05-25,1.57284,
2015-05-22,1.56399,
2015-05-21,1.57344,
2015-05-20,1.57902,
2015-05-19,1.57065,
2015-05-18,1.57046,
2015-05-15,1.56457,
2015-05-14,1.56906,
2015-05-13,1.56805,
2015-05-12,1.56316,
2015-05-11,1.56399,
2015-05-08,1.56649,
2015-05-07,1.57098,
2015-05-06,1.5777,
2015-05-05,1.59165,
2015-05-04,1.58412,
2015-05-01,1.5866,
2015-04-30,1.58306,
2015-04-29,1.59744,
2015-04-28,1.60014,
2015-04-27,1.59702,
2015-04-24,1.59904,
2015-04-23,1.60001,
2015-04-22,1.60103,
2015-04-21,1.61291,
2015-04-20,1.61187,
2015-04-17,1.60855,
2015-04-16,1.60279,
2015-04-15,1.60496,
2015-04-14,1.61123,
2015-04-13,1.61623,
2015-04-10,1.60912,
2015-04-09,1.60857,
2015-04-08,1.60197,
2015-04-07,1.59022,
2015-04-06,1.60841,
2015-04-03,1.60722,
2015-04-02,1.61167,
2015-04-01,1.61673,
2015-03-31,1.60943,
2015-03-30,1.60816,
2015-03-27,1.59675,
2015-03-26,1.61433,
2015-03-25,1.61845,
2015-03-24,1.62119,
2015-03-23,1.624,
2015-03-20,1.62387,
2015-03-19,1.63154,
2015-03-18,1.63386,
2015-03-17,1.6387,
2015-03-16,1.63607,
2015-03-13,1.62855,
2015-03-12,1.63893,
2015-03-11,1.62745,
2015-03-10,1.62767,
2015-03-09,1.6232,
2015-03-06,1.62627,
2015-03-05,1.6253,
2015-03-04,1.62092,
2015-03-03,1.61056,
2015-03-02,1.61031,
2015-02-27,1.63241,
2015-02-26,1.63306,
2015-02-25,1.64602,
2015-02-24,1.64688,
2015-02-23,1.6606,
2015-02-20,1.65958,
2015-02-19,1.65854,
2015-02-18,1.6575,
2015-02-17,1.6539,
2015-02-16,1.65777,
2015-02-13,1.65669,
2015-02-12,1.6579,
2015-02-11,1.65947,
2015-02-10,1.66163,
2015-02-09,1.67269,
2015-02-06,1.66888,
2015-02-05,1.66852,
2015-02-04,1.6688,
2015-02-03,1.68109,
2015-02-02,1.67861,
2015-01-30,1.6773,
2015-01-29,1.68317,
2015-01-28,1.68525,
2015-01-27,1.6885,
2015-01-26,1.68619,
2015-01-23,1.68225,
2015-01-22,1.68842,
2015-01-21,1.69122,
2015-01-20,1.69427,
2015-01-19,1.69822,
2015-01-16,1.69738,
2015-01-15,1.69855,
2015-01-14,1.7043,
2015-01-13,1.7063,
2015-01-12,1.70746,
2015-01-09,1.70842,
2015-01-08,1.70997,
2015-01-07,1.71361,
2015-01-06,1.71426,
2015-01-05,1.70832,
2015-01-02,1.70996,
2015-01-01,1.7131,
2014-12-31,1.71566,
2014-12-30,1.71302,
2014-12-29,1.71275,
2014-12-26,1.71577,
2014-12-25,1.71538,
2014-12-24,1.71646,
2014-12-23,1.71486,
2014-12-22,1.7105,
2014-12-19,1.70325,
2014-12-18,1.70254,
2014-12-17,1.69828,
2014-12-16,1.69848,
2014-12-15,1.70262,
2014-12-12,1.70113,
2014-12-11,1.70382,
2014-12-10,1.69931,
2014-12-09,1.69638,
2014-12-08,1.69825,
2014-12-05,1.69632,
2014-12-04,1.69278,
2014-12-03,1.67868,
2014-12-02,1.67558,
2014-12-01,1.68027,
2014-11-28,1.67987,
2014-11-27,1.6819,
2014-11-26,1.67362,
2014-11-25,1.67483,
2014-11-24,1.67455,
2014-11-21,1.67526,
2014-11-20,1.67162,
2014-11-19,1.671,
2014-11-18,1.68089,
2014-11-17,1.6841,
2014-11-14,1.68299,
2014-11-13,1.68701,
2014-11-12,1.68988,
2014-11-11,1.6838,
2014-11-10,1.68131,
2014-11-07,1.68072,
2014-11-06,1.67889,
2014-11-05,1.67667,
2014-11-04,1.68245,
2014-11-03,1.68677,
2014-10-31,1.68455,
2014-10-30,1.6932,
2014-10-29,1.69516,
2014-10-28,1.69743,
2014-10-27,1.68664,
2014-10-24,1.68688,
2014-10-23,1.68924,
2014-10-22,1.68729,
2014-10-21,1.6827,
2014-10-20,1.68062,
2014-10-17,1.67959,
2014-10-16,1.68015,
2014-10-15,1.67811,
2014-10-14,1.68235,
2014-10-13,1.67907,
2014-10-10,1.67905,
2014-10-09,1.67932,
2014-10-08,1.67959,
2014-10-07,1.67286,
2014-10-06,1.67282,
2014-10-03,1.67295,
2014-10-02,1.67838,
2014-10-01,1.67927,
2014-09-30,1.67471,
2014-09-29,1.66064,
2014-09-26,1.65671,
2014-09-25,1.65973,
2014-09-24,1.66254,
2014-09-23,1.66291,
2014-09-22,1.66615,
2014-09-19,1.66372,
2014-09-18,1.66104,
2014-09-17,1.6581,
2014-09-16,1.65292,
2014-09-15,1.64971,
2014-09-12,1.6484,
2014-09-11,1.65024,
2014-09-10,1.65385,
2014-09-09,1.65922,
2014-09-08,1.6636,
2014-09-05,1.66502,
2014-09-04,1.66238,
2014-09-03,1.66176,
2014-09-02,1.66162,
2014-09-01,1.66439,
2014-08-29,1.67135,
2014-08-28,1.67392,
2014-08-27,1.67201,
2014-08-26,1.6664,
2014-08-25,1.66659,
2014-08-22,1.67403,
2014-08-21,1.674,
2014-08-20,1.66878,
2014-08-19,1.66711,
2014-08-18,1.668,
2014-08-15,1.66557,
2014-08-14,1.6615,
2014-08-13,1.66505,
2014-08-12,1.66789,
2014-08-11,1.66827,
2014-08-08,1.67139,
2014-08-07,1.67476,
2014-08-06,1.66578,
2014-08-05,1.65948,
2014-08-04,1.6448,
2014-08-01,1.64023,
2014-07-31,1.64077,
2014-07-30,1.63205,
2014-07-29,1.63087,
2014-07-28,1.63246,
2014-07-25,1.63036,
2014-07-24,1.64352,
2014-07-23,1.64844,
2014-07-22,1.65619,
2014-07-21,1.65793,
2014-07-18,1.65841,
2014-07-17,1.64772,
2014-07-16,1.6637,
2014-07-15,1.6574,
2014-07-14,1.64758,
2014-07-11,1.64274,
2014-07-10,1.64206,
2014-07-09,1.63534,
2014-07-08,1.63698,
2014-07-07,1.64383,
2014-07-04,1.63829,
2014-07-03,1.64785,
2014-07-02,1.64801,
2014-07-01,1.64482,
2014-06-30,1.64014,
2014-06-27,1.64048,
2014-06-26,1.64171,
2014-06-25,1.64513,
2014-06-24,1.65501,
2014-06-23,1.65489,
2014-06-20,1.64997,
2014-06-19,1.64807,
2014-06-18,1.6409,
2014-06-17,1.63506,
2014-06-16,1.63637,
2014-06-13,1.63547,
2014-06-12,1.63285,
2014-06-11,1.63686,
2014-06-10,1.63896,
2014-06-09,1.62628,
2014-06-06,1.62968,
2014-06-05,1.6296,
2014-06-04,1.63494,
2014-06-03,1.63743,
2014-06-02,1.64451,
2014-05-30,1.64287,
2014-05-29,1.63461,
2014-05-28,1.63349,
2014-05-27,1.63828,
2014-05-26,1.639,
2014-05-23,1.63551,
2014-05-22,1.63612,
2014-05-21,1.63622,
2014-05-20,1.63414,
2014-05-19,1.62864,
2014-05-16,1.62145,
2014-05-15,1.61542,
2014-05-14,1.62243,
2014-05-13,1.61985,
2014-05-12,1.6104,
2014-05-09,1.6119,
2014-05-08,1.61087,
2014-05-07,1.61159,
2014-05-06,1.60649,
2014-05-05,1.6056,
2014-05-02,1.59038,
2014-05-01,1.59884,
2014-04-30,1.60178,
2014-04-29,1.60966,
2014-04-28,1.60787,
2014-04-25,1.60447,
2014-04-24,1.59676,
2014-04-23,1.59215,
2014-04-22,1.60355,
2014-04-21,1.60385,
2014-04-18,1.60459,
2014-04-17,1.61405,
2014-04-16,1.61621,
2014-04-15,1.62005,
2014-04-14,1.61625,
2014-04-11,1.62346,
2014-04-10,1.61461,
2014-04-09,1.6164,
2014-04-08,1.6164,
2014-04-07,1.59487,
2014-04-04,1.59965,
2014-04-03,1.5981,
2014-04-02,1.59485,
2014-04-01,1.59668,
2014-03-31,1.59525,
2014-03-28,1.60825,
2014-03-27,1.60943,
2014-03-26,1.6006,
2014-03-25,1.61557,
2014-03-24,1.62215,
2014-03-21,1.61948,
2014-03-20,1.61843,
2014-03-19,1.61359,
2014-03-18,1.60404,
2014-03-17,1.60799,
2014-03-14,1.60028,
2014-03-13,1.60422,
2014-03-12,1.60027,
2014-03-11,1.60305,
2014-03-10,1.61434,
2014-03-07,1.59026,
2014-03-06,1.5896,
2014-03-05,1.58721,
2014-03-04,1.58058,
2014-03-03,1.58158,
2014-02-28,1.57328,
2014-02-27,1.56946,
2014-02-26,1.56272,
2014-02-25,1.55895,
2014-02-24,1.56254,
2014-02-21,1.55573,
2014-02-20,1.55422,
2014-02-19,1.55038,
2014-02-18,1.55035,
2014-02-17,1.55252,
2014-02-14,1.55456,
2014-02-13,1.55749,
2014-02-12,1.55667,
2014-02-11,1.55876,
2014-02-10,1.56605,
2014-02-07,1.56654,
2014-02-06,1.56467,
2014-02-05,1.56263,
2014-02-04,1.56377,
2014-02-03,1.54996,
2014-01-31,1.54463,
2014-01-30,1.54613,
2014-01-29,1.54978,
2014-01-28,1.55381,
2014-01-27,1.54872,
2014-01-24,1.53471,
2014-01-23,1.53538,
2014-01-22,1.52943,
2014-01-21,1.51192,
2014-01-20,1.52054,
2014-01-17,1.52358,
2014-01-16,1.53378,
2014-01-15,1.53818,
2014-01-14,1.5388,
2014-01-13,1.53123,
2014-01-10,1.53679,
2014-01-09,1.53581,
2014-01-08,1.52669,
2014-01-07,1.52249,
2014-01-06,1.52119,
2014-01-03,1.51596,
2014-01-02,1.50995,
2014-01-01,1.51094,
2013-12-31,1.51835,
2013-12-30,1.50125,
2013-12-27,1.48658,
2013-12-26,1.495,
2013-12-25,1.4886,
2013-12-24,1.50709,
2013-12-23,1.52786,
2013-12-20,1.51551,
2013-12-19,1.52176,
2013-12-18,1.52105,
2013-12-17,1.52588,
2013-12-16,1.53126,
2013-12-13,1.54211,
2013-12-12,1.54344,
2013-12-11,1.5419,
2013-12-10,1.55072,
2013-12-09,1.54818,
2013-12-06,1.56406,
2013-12-05,1.57187,
2013-12-04,1.57067,
2013-12-03,1.57177,
2013-12-02,1.56792,
2013-11-29,1.56439,
2013-11-28,1.55716,
2013-11-27,1.55544,
2013-11-26,1.55983,
2013-11-25,1.54044,
2013-11-22,1.53118,
2013-11-21,1.5321,
2013-11-20,1.51975,
2013-11-19,1.51977,
2013-11-18,1.52312,
2013-11-15,1.51302,
2013-11-14,1.50378,
2013-11-13,1.50997,
2013-11-12,1.5125,
2013-11-11,1.5107,
2013-11-08,1.50479,
2013-11-07,1.51537,
2013-11-06,1.52545,
2013-11-05,1.51666,
2013-11-04,1.52674,
2013-11-01,1.5232,
2013-10-31,1.52081,
2013-10-30,1.52986,
2013-10-29,1.53635,
2013-10-28,1.54488,
2013-10-25,1.55328,
2013-10-24,1.54831,
2013-10-23,1.55408,
2013-10-22,1.55723,
2013-10-21,1.55321,
2013-10-18,1.55544,
2013-10-17,1.55317,
2013-10-16,1.5499,
2013-10-15,1.54746,
2013-10-14,1.54336,
2013-10-11,1.52657,
2013-10-10,1.52374,
2013-10-09,1.52917,
2013-10-08,1.52288,
2013-10-07,1.52773,
2013-10-04,1.52385,
2013-10-03,1.53626,
2013-10-02,1.52825,
2013-10-01,1.53421,
2013-09-30,1.53848,
2013-09-27,1.53302,
2013-09-26,1.53215,
2013-09-25,1.52556,
2013-09-24,1.53347,
2013-09-23,1.52313,
2013-09-20,1.5129,
2013-09-19,1.51027,
2013-09-18,1.52308,
2013-09-17,1.51958,
2013-09-16,1.51911,
2013-09-13,1.51298,
2013-09-12,1.51587,
2013-09-11,1.51719,
2013-09-10,1.52283,
2013-09-09,1.51702,
2013-09-06,1.50969,
2013-09-05,1.50982,
2013-09-04,1.5105,
2013-09-03,1.51129,
2013-09-02,1.50818,
2013-08-30,1.49215,
2013-08-29,1.49013,
2013-08-28,1.49135,
2013-08-27,1.49222,
2013-08-26,1.50127,
2013-08-23,1.50171,
2013-08-22,1.51253,
2013-08-21,1.51142,
2013-08-20,1.50358,
2013-08-19,1.51629,
2013-08-16,1.51569,
2013-08-15,1.51229,
2013-08-14,1.51619,
2013-08-13,1.51605,
2013-08-12,1.52536,
2013-08-09,1.5233,
2013-08-08,1.54247,
2013-08-07,1.54648,
2013-08-06,1.55162,
2013-08-05,1.54942,
2013-08-02,1.5541,
2013-08-01,1.56616,
2013-07-31,1.56575,
2013-07-30,1.58005,
2013-07-29,1.57158,
2013-07-26,1.56587,
2013-07-25,1.56581,
2013-07-24,1.57604,
2013-07-23,1.5691,
2013-07-22,1.58557,
2013-07-19,1.57987,
2013-07-18,1.57621,
2013-07-17,1.56941,
2013-07-16,1.57998,
2013-07-15,1.57891,
2013-07-12,1.58449,
2013-07-11,1.58375,
2013-07-10,1.58272,
2013-07-09,1.58638,
2013-07-08,1.5992,
2013-07-05,1.60048,
2013-07-04,1.60633,
2013-07-03,1.60743,
2013-07-02,1.61323,
2013-07-01,1.61674,
2013-06-28,1.60214,
2013-06-27,1.60549,
2013-06-26,1.61143,
2013-06-25,1.60678,
2013-06-24,1.6106,
2013-06-21,1.62546,
2013-06-20,1.62377,
2013-06-19,1.62465,
2013-06-18,1.61625,
2013-06-17,1.60967,
2013-06-14,1.61361,
2013-06-13,1.61215,
2013-06-12,1.61224,
2013-06-11,1.61684,
2013-06-10,1.62773,
2013-06-07,1.62464,
2013-06-06,1.62518,
2013-06-05,1.6203,
2013-06-04,1.61722,
2013-06-03,1.61114,
2013-05-31,1.61484,
2013-05-30,1.61137,
2013-05-29,1.60739,
2013-05-28,1.60347,
2013-05-27,1.60476,
2013-05-24,1.60958,
2013-05-23,1.6101,
2013-05-22,1.60904,
2013-05-21,1.60103,
2013-05-20,1.60108,
2013-05-17,1.60397,
2013-05-16,1.60138,
2013-05-15,1.60209,
2013-05-14,1.60257,
2013-05-13,1.60263,
2013-05-10,1.59354,
2013-05-09,1.5951,
2013-05-08,1.59257,
2013-05-07,1.59078,
2013-05-06,1.58775,
2013-05-03,1.5866,
2013-05-02,1.58403,
2013-05-01,1.58713,
2013-04-30,1.58762,
2013-04-29,1.58933,
2013-04-26,1.5982,
2013-04-25,1.59847,
2013-04-24,1.59957,
2013-04-23,1.59782,
2013-04-22,1.6019,
2013-04-19,1.61298,
2013-04-18,1.6129,
2013-04-17,1.60719,
2013-04-16,1.60317,
2013-04-15,1.61028,
2013-04-12,1.61176,
2013-04-11,1.60361,
2013-04-10,1.59507,
2013-04-09,1.60135,
2013-04-08,1.59998,
2013-04-05,1.60436,
2013-04-04,1.61485,
2013-04-03,1.61096,
2013-04-02,1.60691,
2013-04-01,1.60682,
2013-03-29,1.6044,
2013-03-28,1.60047,
2013-03-27,1.60007,
2013-03-26,1.60252,
2013-03-25,1.61327,
2013-03-22,1.61901,
2013-03-21,1.6075,
2013-03-20,1.61311,
2013-03-19,1.61302,
2013-03-18,1.61644,
2013-03-15,1.62334,
2013-03-14,1.61643,
2013-03-13,1.61857,
2013-03-12,1.62175,
2013-03-11,1.62275,
2013-03-08,1.6214,
2013-03-07,1.62188,
2013-03-06,1.62432,
2013-03-05,1.62493,
2013-03-04,1.6215,
2013-03-01,1.61537,
2013-02-28,1.61051,
2013-02-27,1.60688,
2013-02-26,1.5989,
2013-02-25,1.60097,
2013-02-22,1.59307,
2013-02-21,1.59005,
2013-02-20,1.58695,
2013-02-19,1.58828,
2013-02-18,1.58624,
2013-02-15,1.58629,
2013-02-14,1.57847,
2013-02-13,1.58319,
2013-02-12,1.58174,
2013-02-11,1.57934,
2013-02-08,1.58078,
2013-02-07,1.58597,
2013-02-06,1.588,
2013-02-05,1.57822,
2013-02-04,1.57088,
2013-02-01,1.56934,
2013-01-31,1.57316,
2013-01-30,1.56824,
2013-01-29,1.56758,
2013-01-28,1.56855,
2013-01-25,1.5686,
2013-01-24,1.56352,
2013-01-23,1.56544,
2013-01-22,1.56193,
2013-01-21,1.56014,
2013-01-18,1.56377,
2013-01-17,1.55134,
2013-01-16,1.55348,
2013-01-15,1.56751,
2013-01-14,1.57085,
2013-01-11,1.57475,
2013-01-10,1.56847,
2013-01-09,1.54975,
2013-01-08,1.55045,
2013-01-07,1.55058,
2013-01-04,1.56178,
2013-01-03,1.57231,
2013-01-02,1.56528,
2013-01-01,1.56528,
2012-12-31,1.5635,
2012-12-28,1.55741,
2012-12-27,1.54263,
2012-12-26,1.55006,
2012-12-25,1.55184,
2012-12-24,1.55253,
2012-12-21,1.54844,
2012-12-20,1.55213,
2012-12-19,1.55843,
2012-12-18,1.56891,
2012-12-17,1.56902,
2012-12-14,1.57051,
2012-12-13,1.57034,
2012-12-12,1.55173,
2012-12-11,1.55668,
2012-12-10,1.56405,
2012-12-07,1.55716,
2012-12-06,1.55803,
2012-12-05,1.55897,
2012-12-04,1.57152,
2012-12-03,1.57232,
2012-11-30,1.56647,
2012-11-29,1.57094,
2012-11-28,1.5561,
2012-11-27,1.55037,
2012-11-26,1.5569,
2012-11-23,1.54838,
2012-11-22,1.5469,
2012-11-21,1.55263,
2012-11-20,1.54949,
2012-11-19,1.5381,
2012-11-16,1.5382,
2012-11-15,1.53603,
2012-11-14,1.54041,
2012-11-13,1.54767,
2012-11-12,1.56406,
2012-11-09,1.568,
2012-11-08,1.56639,
2012-11-07,1.56665,
2012-11-06,1.56911,
2012-11-05,1.57596,
2012-11-02,1.58338,
2012-11-01,1.58161,
2012-10-31,1.57949,
2012-10-30,1.59087,
2012-10-29,1.59923,
2012-10-26,1.60904,
2012-10-25,1.60656,
2012-10-24,1.61445,
2012-10-23,1.61265,
2012-10-22,1.61567,
2012-10-19,1.61892,
2012-10-18,1.61459,
2012-10-17,1.61749,
2012-10-16,1.61981,
2012-10-15,1.62199,
2012-10-12,1.6233,
2012-10-11,1.62632,
2012-10-10,1.61843,
2012-10-09,1.61613,
2012-10-08,1.61422,
2012-10-05,1.61305,
2012-10-04,1.61188,
2012-10-03,1.60513,
2012-10-02,1.60206,
2012-10-01,1.59233,
2012-09-28,1.58984,
2012-09-27,1.58444,
2012-09-26,1.59578,
2012-09-25,1.59061,
2012-09-24,1.58617,
2012-09-21,1.58912,
2012-09-20,1.58722,
2012-09-19,1.5825,
2012-09-18,1.58884,
2012-09-17,1.59113,
2012-09-14,1.60234,
2012-09-13,1.60039,
2012-09-12,1.60158,
2012-09-11,1.59563,
2012-09-10,1.58873,
2012-09-07,1.595,
2012-09-06,1.59698,
2012-09-05,1.5867,
2012-09-04,1.58183,
2012-09-03,1.58718,
2012-08-31,1.58609,
2012-08-30,1.58919,
2012-08-29,1.58442,
2012-08-28,1.57098,
2012-08-27,1.56743,
2012-08-24,1.57034,
2012-08-23,1.56399,
2012-08-22,1.5673,
2012-08-21,1.58293,
2012-08-20,1.57401,
2012-08-17,1.57156,
2012-08-16,1.58633,
2012-08-15,1.58325,
2012-08-14,1.59548,
2012-08-13,1.59138,
2012-08-10,1.58997,
2012-08-09,1.58222,
2012-08-08,1.5877,
2012-08-07,1.57442,
2012-08-06,1.56682,
2012-08-03,1.57768,
2012-08-02,1.58489,
2012-08-01,1.58211,
2012-07-31,1.57981,
2012-07-30,1.56919,
2012-07-27,1.5691,
2012-07-26,1.57654,
2012-07-25,1.57533,
2012-07-24,1.58163,
2012-07-23,1.58169,
2012-07-20,1.58955,
2012-07-19,1.58222,
2012-07-18,1.58115,
2012-07-17,1.58049,
2012-07-16,1.5832,
2012-07-13,1.57586,
2012-07-12,1.57097,
2012-07-11,1.57257,
2012-07-10,1.5689,
2012-07-09,1.5657,
2012-07-06,1.56248,
2012-07-05,1.55668,
2012-07-04,1.55738,
2012-07-03,1.54867,
2012-07-02,1.54363,
2012-06-29,1.53347,
2012-06-28,1.53226,
2012-06-27,1.53163,
2012-06-26,1.53321,
2012-06-25,1.53279,
2012-06-22,1.5483,
2012-06-21,1.54567,
2012-06-20,1.54248,
2012-06-19,1.5494,
2012-06-18,1.56201,
2012-06-15,1.56475,
2012-06-14,1.55123,
2012-06-13,1.55422,
2012-06-12,1.55407,
2012-06-11,1.54135,
2012-06-08,1.54591,
2012-06-07,1.56694,
2012-06-06,1.56285,
2012-06-05,1.55847,
2012-06-04,1.56765,
2012-06-01,1.5674,
2012-05-31,1.56607,
2012-05-30,1.54979,
2012-05-29,1.55427,
2012-05-28,1.55132,
2012-05-25,1.54658,
2012-05-24,1.54779,
2012-05-23,1.55829,
2012-05-22,1.56673,
2012-05-21,1.56278,
2012-05-18,1.57091,
2012-05-17,1.55988,
2012-05-16,1.56479,
2012-05-15,1.55951,
2012-05-14,1.56869,
2012-05-11,1.57041,
2012-05-10,1.5596,
2012-05-09,1.55081,
2012-05-08,1.5437,
2012-05-07,1.54949,
2012-05-04,1.55228,
2012-05-03,1.56326,
2012-05-02,1.56406,
2012-05-01,1.58043,
2012-04-30,1.57534,
2012-04-27,1.57294,
2012-04-26,1.582,
2012-04-25,1.59111,
2012-04-24,1.6063,
2012-04-23,1.59349,
2012-04-20,1.59157,
2012-04-19,1.60883,
2012-04-18,1.60562,
2012-04-17,1.60305,
2012-04-16,1.604,
2012-04-13,1.59476,
2012-04-12,1.5947,
2012-04-11,1.60854,
2012-04-10,1.61243,
2012-04-09,1.60965,
2012-04-06,1.59727,
2012-04-05,1.59993,
2012-04-04,1.59967,
2012-04-03,1.59516,
2012-04-02,1.57891,
2012-03-30,1.57727,
2012-03-29,1.57109,
2012-03-28,1.57437,
2012-03-27,1.58175,
2012-03-26,1.5764,
2012-03-23,1.57483,
2012-03-22,1.55753,
2012-03-21,1.56661,
2012-03-20,1.55535,
2012-03-19,1.54428,
2012-03-16,1.54586,
2012-03-15,1.54839,
2012-03-14,1.54308,
2012-03-13,1.55768,
2012-03-12,1.55795,
2012-03-09,1.56258,
2012-03-08,1.55767,
2012-03-07,1.56327,
2012-03-06,1.55631,
2012-03-05,1.54447,
2012-03-02,1.53421,
2012-03-01,1.54991,
2012-02-29,1.57355,
2012-02-28,1.5702,
2012-02-27,1.57918,
2012-02-24,1.57978,
2012-02-23,1.57687,
2012-02-22,1.57778,
2012-02-21,1.58605,
2012-02-20,1.58796,
2012-02-17,1.59576,
2012-02-16,1.59899,
2012-02-15,1.59403,
2012-02-14,1.61163,
2012-02-13,1.62145,
2012-02-10,1.61783,
2012-02-09,1.62514,
2012-02-08,1.62978,
2012-02-07,1.64059,
2012-02-06,1.63671,
2012-02-03,1.62792,
2012-02-02,1.6373,
2012-02-01,1.6493,
2012-01-31,1.64522,
2012-01-30,1.64633,
2012-01-27,1.65148,
2012-01-26,1.65408,
2012-01-25,1.64521,
2012-01-24,1.63861,
2012-01-23,1.62794,
2012-01-20,1.62361,
2012-01-19,1.61312,
2012-01-18,1.63133,
2012-01-17,1.63163,
2012-01-16,1.63875,
2012-01-13,1.62572,
2012-01-12,1.64251,
2012-01-11,1.62973,
2012-01-10,1.62932,
2012-01-09,1.64209,
2012-01-06,1.63724,
2012-01-05,1.63278,
2012-01-04,1.64044,
2012-01-03,1.6274,
2012-01-02,1.62962,
2011-12-30,1.63303,
2011-12-29,1.61525,
2011-12-28,1.61218,
2011-12-27,1.60563,
2011-12-26,1.61424,
2011-12-23,1.61367,
2011-12-22,1.61049,
2011-12-21,1.59095,
2011-12-20,1.59053,
2011-12-19,1.60563,
2011-12-16,1.59706,
2011-12-15,1.60005,
2011-12-14,1.60577,
2011-12-13,1.60818,
2011-12-12,1.60683,
2011-12-09,1.60521,
2011-12-08,1.60603,
2011-12-07,1.59971,
2011-12-06,1.59888,
2011-12-05,1.59565,
2011-12-02,1.60031,
2011-12-01,1.60693,
2011-11-30,1.62411,
2011-11-29,1.61996,
2011-11-28,1.61893,
2011-11-25,1.61564,
2011-11-24,1.61905,
2011-11-23,1.63688,
2011-11-22,1.63745,
2011-11-21,1.6226,
2011-11-18,1.63633,
2011-11-17,1.64009,
2011-11-16,1.64426,
2011-11-15,1.63536,
2011-11-14,1.64221,
2011-11-11,1.63678,
2011-11-10,1.63313,
2011-11-09,1.64446,
2011-11-08,1.64721,
2011-11-07,1.65033,
2011-11-04,1.63997,
2011-11-03,1.62723,
2011-11-02,1.61795,
2011-11-01,1.61198,
2011-10-31,1.62247,
2011-10-28,1.62356,
2011-10-27,1.61659,
2011-10-26,1.62503,
2011-10-25,1.61903,
2011-10-24,1.61932,
2011-10-21,1.62903,
2011-10-20,1.63424,
2011-10-19,1.63627,
2011-10-18,1.64017,
2011-10-17,1.63643,
