Date,Mid
2021-10-18,107.864
2021-10-15,107.962
2021-10-14,108.069
2021-10-13,108.101
2021-10-12,108.153
2021-10-11,108.75
2021-10-08,108.762
2021-10-07,108.916
2021-10-06,109.059
2021-10-05,109.378
2021-10-04,109.65
2021-10-01,109.27
2021-09-30,109.849
2021-09-29,109.743
2021-09-28,110.173
2021-09-27,110.638
2021-09-24,110.604
2021-09-23,110.703
2021-09-22,110.351
2021-09-21,109.803
2021-09-20,109.613
2021-09-17,109.183
2021-09-16,108.73
2021-09-15,108.579
2021-09-14,108.84
2021-09-13,108.837
2021-09-10,108.88
2021-09-09,108.834
2021-09-08,108.992
2021-09-07,109.126
2021-09-06,108.999
2021-09-03,108.499
2021-09-02,108.372
2021-09-01,108.477
2021-08-31,108.866
2021-08-30,108.329
2021-08-27,107.972
2021-08-26,107.002
2021-08-25,106.684
2021-08-24,106.757
2021-08-23,106.509
2021-08-20,106.199
2021-08-19,105.873
2021-08-18,105.249
2021-08-17,105.071
2021-08-16,105.386
2021-08-13,105.702
2021-08-12,105.861
2021-08-11,106.038
2021-08-10,105.368
2021-08-09,104.909
2021-08-06,104.743
2021-08-05,104.588
2021-08-04,104.563
2021-08-03,105.208
2021-08-02,105.319
2021-07-30,105.52
2021-07-29,105.029
2021-07-28,104.969
2021-07-27,104.926
2021-07-26,104.638
2021-07-23,104.229
2021-07-22,104.078
2021-07-21,103.612
2021-07-20,103.745
2021-07-19,103.727
2021-07-16,103.496
2021-07-15,103.538
2021-07-14,103.899
2021-07-13,103.684
2021-07-12,103.75
2021-07-09,103.799
2021-07-08,103.878
2021-07-07,103.753
2021-07-06,104.255
2021-07-05,103.885
2021-07-02,103.794
2021-07-01,103.036
2021-06-30,102.708
2021-06-29,103.126
2021-06-28,103.259
2021-06-25,103.259
2021-06-24,103.183
2021-06-23,103.568
2021-06-22,103.778
2021-06-21,103.423
2021-06-18,103.625
2021-06-17,103.545
2021-06-16,103.639
2021-06-15,103.32
2021-06-14,103.281
2021-06-11,103.092
2021-06-10,103.463
2021-06-09,103.675
2021-06-08,104.033
2021-06-07,103.996
2021-06-04,104.245
2021-06-03,104.225
2021-06-02,104.161
2021-06-01,104.05
2021-05-31,104.131
2021-05-28,103.834
2021-05-27,104.411
2021-05-26,104.312
2021-05-25,104.315
2021-05-24,104.025
2021-05-21,104.257
2021-05-20,104.461
2021-05-19,104.447
2021-05-18,104.497
2021-05-17,103.813
2021-05-14,103.736
2021-05-13,103.827
2021-05-12,104.203
2021-05-11,104.572
2021-05-10,104.592
2021-05-07,105.129
2021-05-06,105.427
2021-05-05,105.28
2021-05-04,105.358
2021-05-03,103.329
2021-04-30,103.46
2021-04-29,104.522
2021-04-28,104.453
2021-04-27,104.688
2021-04-26,104.623
2021-04-23,104.598
2021-04-22,104.317
2021-04-21,104.41
2021-04-20,104.83
2021-04-19,104.681
2021-04-16,104.86
2021-04-15,104.588
2021-04-14,105.495
2021-04-13,105.436
2021-04-12,105.361
2021-04-09,105.422
2021-04-08,105.166
2021-04-07,105.471
2021-04-06,105.34
2021-04-05,105.589
2021-04-02,106.022
2021-04-01,105.975
2021-03-31,105.63
2021-03-30,105.747
2021-03-29,105.29
2021-03-26,105.519
2021-03-25,105.445
2021-03-24,105.648
2021-03-23,105.479
2021-03-22,105.535
2021-03-19,105.413
2021-03-18,105.384
2021-03-17,104.923
2021-03-16,104.641
2021-03-15,104.564
2021-03-12,104.738
2021-03-11,104.945
2021-03-10,105.439
2021-03-09,105.723
2021-03-08,106.142
2021-03-05,106.127
2021-03-04,106.173
2021-03-03,106.023
2021-03-02,106.241
2021-03-01,106.222
2021-02-26,106.183
2021-02-25,106.18
2021-02-24,105.95
2021-02-23,105.898
2021-02-22,105.328
2021-02-19,106.559
2021-02-18,105.982
2021-02-17,106.382
2021-02-16,105.971
2021-02-15,105.783
2021-02-12,105.797
2021-02-11,106.102
2021-02-10,105.401
2021-02-09,106
2021-02-08,106.582
2021-02-05,106.922
2021-02-04,106.907
2021-02-03,106.486
2021-02-02,105.958
2021-02-01,105.911
2021-01-29,105.547
2021-01-28,105.594
2021-01-27,105.712
2021-01-26,105.947
2021-01-25,105.819
2021-01-22,104.723
2021-01-21,104.914
2021-01-20,105.085
2021-01-19,105.368
2021-01-18,106.123
2021-01-15,106.856
2021-01-14,107.153
2021-01-13,106.795
2021-01-12,107.251
2021-01-11,107.018
2021-01-08,107.242
2021-01-07,106.93
2021-01-06,107.231
2021-01-05,107.29
2021-01-04,106.917
2021-01-01,107.196
2020-12-31,107.253
2020-12-30,107.515
2020-12-29,107.343
2020-12-28,107.494
2020-12-25,107.499
2020-12-24,107.464
2020-12-23,107.923
2020-12-22,107.573
2020-12-21,107.206
2020-12-18,107.191
2020-12-17,107.04
2020-12-16,106.516
2020-12-15,106.904
2020-12-14,106.856
2020-12-11,106.976
2020-12-10,107.003
2020-12-09,107.316
2020-12-08,107.335
2020-12-07,107.379
2020-12-04,106.861
2020-12-03,107.116
2020-12-02,107.749
2020-12-01,108.424
2020-11-30,109.581
2020-11-27,109.139
2020-11-26,108.899
2020-11-25,108.666
2020-11-24,107.584
2020-11-23,107.767
2020-11-20,107.631
2020-11-19,107.719
2020-11-18,107.538
2020-11-17,107.702
2020-11-16,107.597
2020-11-13,107.605
2020-11-12,107.519
2020-11-11,107.696
2020-11-10,107.329
2020-11-09,107.034
2020-11-06,107.248
2020-11-05,107.024
2020-11-04,107.128
2020-11-03,107.644
2020-11-02,106.608
2020-10-30,106.273
2020-10-29,106.088
2020-10-28,106.487
2020-10-27,106.698
2020-10-26,106.871
2020-10-23,107.158
2020-10-22,106.648
2020-10-21,106.858
2020-10-20,107.247
2020-10-19,107.491
2020-10-16,107.556
2020-10-15,107.748
2020-10-14,107.784
2020-10-13,107.606
2020-10-12,107.506
2020-10-09,107.916
2020-10-08,107.425
2020-10-07,107.204
2020-10-06,107.75
2020-10-05,108.338
2020-10-02,108.411
2020-10-01,108.812
2020-09-30,108.741
2020-09-29,109.211
2020-09-28,108.509
2020-09-25,107.857
2020-09-24,107.15
2020-09-23,107.485
2020-09-22,107.7
2020-09-21,107.9
2020-09-18,109.54
2020-09-17,111.197
2020-09-16,111.207
2020-09-15,111.205
2020-09-14,110.659
2020-09-11,110.695
2020-09-10,108.025
2020-09-09,107.691
2020-09-08,105.843
2020-09-07,107.899
2020-09-04,104.631
2020-09-03,104.497
2020-09-02,105.619
2020-09-01,102.358
2020-08-31,105.283
2020-08-28,106.149
2020-08-27,107.519
2020-08-26,107.084
2020-08-25,108.31
2020-08-24,107.994
2020-08-21,109.577
2020-08-20,110.419
2020-08-19,110.191
2020-08-18,110.709
2020-08-17,111.542
2020-08-14,112.059
2020-08-13,111.363
2020-08-12,109.867
2020-08-11,109.872
2020-08-10,109.729
2020-08-07,109.816
2020-08-06,110.096
2020-08-05,109.776
2020-08-04,109.772
2020-08-03,109.699
2020-07-31,109.987
2020-07-30,109.816
2020-07-29,109.519
2020-07-28,108.667
2020-07-27,108.308
2020-07-24,108.95
2020-07-23,109.01
2020-07-22,109.138
2020-07-21,108.884
2020-07-20,109.267
2020-07-17,109.486
2020-07-16,109.835
2020-07-15,109.86
2020-07-14,110.179
2020-07-13,110.102
2020-07-10,110.152
2020-07-09,109.893
2020-07-08,109.983
2020-07-07,109.943
2020-07-06,109.451
2020-07-03,109.514
2020-07-02,109.104
2020-07-01,108.44
2020-06-30,108.363
2020-06-29,108.047
2020-06-26,108.567
2020-06-25,108.631
2020-06-24,108.631
2020-06-23,108.874
2020-06-22,109.421
2020-06-19,109.634
2020-06-18,109.319
2020-06-17,109.378
2020-06-16,109.396
2020-06-15,109.429
2020-06-12,109.367
2020-06-11,109.549
2020-06-10,109.473
2020-06-09,109.534
2020-06-08,109.32
2020-06-05,109.279
2020-06-04,108.553
2020-06-03,108.717
2020-06-02,108.554
2020-06-01,108.534
2020-05-29,108.751
2020-05-28,108.853
2020-05-27,108.633
2020-05-26,108.971
2020-05-25,109.469
2020-05-22,109.504
2020-05-21,109.539
2020-05-20,109.027
2020-05-19,108.918
2020-05-18,108.619
2020-05-15,108.616
2020-05-14,108.605
2020-05-13,108.533
2020-05-12,108.675
2020-05-11,108.773
2020-05-08,108.408
2020-05-07,108.812
2020-05-06,108.99
2020-05-05,109.041
2020-05-04,109.217
2020-05-01,109.282
2020-04-30,108.965
2020-04-29,109.144
2020-04-28,108.573
2020-04-27,108.168
2020-04-24,108.019
2020-04-23,108.826
2020-04-22,108.885
2020-04-21,108.931
2020-04-20,108.655
2020-04-17,108.599
2020-04-16,108.691
2020-04-15,108.481
2020-04-14,108.599
2020-04-13,108.371
2020-04-10,108.631
2020-04-09,108.755
2020-04-08,108.852
2020-04-07,108.391
2020-04-06,108.358
2020-04-03,107.955
2020-04-02,107.473
2020-04-01,107.073
2020-03-31,107.242
2020-03-30,106.89
2020-03-27,106.911
2020-03-26,107.177
2020-03-25,107.74
2020-03-24,108.071
2020-03-23,107.862
2020-03-20,107.83
2020-03-19,107.769
2020-03-18,107.046
2020-03-17,107.54
2020-03-16,107.535
2020-03-13,108.009
2020-03-12,108.443
2020-03-11,108.114
2020-03-10,108.128
2020-03-09,108.057
2020-03-06,108.076
2020-03-05,107.796
2020-03-04,107.542
2020-03-03,107.234
2020-03-02,106.914
2020-02-28,106.935
2020-02-27,106.379
2020-02-26,105.918
2020-02-25,106.198
2020-02-24,106.228
2020-02-21,106.516
2020-02-20,106.118
2020-02-19,105.738
2020-02-18,106.08
2020-02-17,105.363
2020-02-14,106.431
2020-02-13,106.61
2020-02-12,106.223
2020-02-11,106.631
2020-02-10,106.358
2020-02-07,106.122
2020-02-06,105.907
2020-02-05,106.744
2020-02-04,105.295
2020-02-03,105.638
2020-01-31,106.072
2020-01-30,106.266
2020-01-29,106.474
2020-01-28,105.94
2020-01-27,106.55
2020-01-24,107.328
2020-01-23,108.748
2020-01-22,108.591
2020-01-21,108.776
2020-01-20,108.662
2020-01-17,108.628
2020-01-16,108.178
2020-01-15,108.207
2020-01-14,107.863
2020-01-13,107.698
2020-01-10,107.288
2020-01-09,107.942
2020-01-08,108.235
2020-01-07,107.907
2020-01-06,107.884
2020-01-03,108.489
2020-01-02,108.462
2020-01-01,108.852
2019-12-31,108.718
2019-12-30,108.454
2019-12-27,107.809
2019-12-26,107.783
2019-12-25,107.875
2019-12-24,108.439
2019-12-23,107.908
2019-12-20,107.789
2019-12-19,107.787
2019-12-18,107.169
2019-12-17,107.295
2019-12-16,107.303
2019-12-13,107.292
2019-12-12,108.101
2019-12-11,108.446
2019-12-10,108.539
2019-12-09,108.55
2019-12-06,108.378
2019-12-05,108.502
2019-12-04,108.516
2019-12-03,108.429
2019-12-02,108.189
2019-11-29,108.396
2019-11-28,108.461
2019-11-27,108.143
2019-11-26,108.06
2019-11-25,108.278
2019-11-22,109.621
2019-11-21,109.589
2019-11-20,109.372
2019-11-19,109.504
2019-11-18,109.285
2019-11-15,109.6
2019-11-14,110.348
2019-11-13,110.489
2019-11-12,110.061
2019-11-11,110.054
2019-11-08,109.841
2019-11-07,109.587
2019-11-06,109.598
2019-11-05,109.301
2019-11-04,109.94
2019-11-01,109.767
2019-10-31,110.091
2019-10-30,110.24
2019-10-29,110.742
2019-10-28,111.09
2019-10-25,111.495
2019-10-24,111.369
2019-10-23,111.41
2019-10-22,111.644
2019-10-21,111.526
2019-10-18,111.601
2019-10-17,112.185
2019-10-16,111.854
2019-10-15,111.934
2019-10-14,111.859
2019-10-11,111.952
2019-10-10,112.056
2019-10-09,111.982
2019-10-08,112.032
2019-10-07,111.993
2019-10-04,111.645
2019-10-03,111.003
2019-10-02,111.132
2019-10-01,111.464
2019-09-30,111.688
2019-09-27,111.648
2019-09-26,111.486
2019-09-25,111.31
2019-09-24,111.343
2019-09-23,110.825
2019-09-20,110.609
2019-09-19,110.51
2019-09-18,110.631
2019-09-17,109.957
2019-09-16,109.925
2019-09-13,110.8
2019-09-12,110.684
2019-09-11,111.385
2019-09-10,111.424
2019-09-09,111.471
2019-09-06,111.672
2019-09-05,111.143
2019-09-04,111.344
2019-09-03,111.194
2019-09-02,111.156
2019-08-30,111.555
2019-08-29,111.759
2019-08-28,111.877
2019-08-27,111.737
2019-08-26,111.906
2019-08-23,111.381
2019-08-22,110.989
2019-08-21,110.58
2019-08-20,111.061
2019-08-19,110.637
2019-08-16,110.692
2019-08-15,110.845
2019-08-14,110.615
2019-08-13,110.591
2019-08-12,110.458
2019-08-09,110.466
2019-08-08,111.002
2019-08-07,110.476
2019-08-06,110.361
2019-08-05,109.724
2019-08-02,109.804
2019-08-01,109.964
2019-07-31,109.96
2019-07-30,109.874
2019-07-29,109.504
2019-07-26,108.861
2019-07-25,109.033
2019-07-24,109.385
2019-07-23,109.332
2019-07-22,109.539
2019-07-19,109.632
2019-07-18,109.593
2019-07-17,109.357
2019-07-16,109.655
2019-07-15,109.769
2019-07-12,109.25
2019-07-11,109.087
2019-07-10,108.643
2019-07-09,108.157
2019-07-08,108.528
2019-07-05,108.425
2019-07-04,108.158
2019-07-03,108.723
2019-07-02,108.705
2019-07-01,108.518
2019-06-28,107.646
2019-06-27,108.874
2019-06-26,109.556
2019-06-25,109.556
2019-06-24,110.239
2019-06-21,110.959
2019-06-20,111.362
2019-06-19,110.218
2019-06-18,110.433
2019-06-17,111.211
2019-06-14,111.282
2019-06-13,112.471
2019-06-12,112.513
2019-06-11,112.828
2019-06-10,113.371
2019-06-07,113.589
2019-06-06,113.277
2019-06-05,113.37
2019-06-04,113.317
2019-06-03,112.689
2019-05-31,112.659
2019-05-30,113.187
2019-05-29,112.755
2019-05-28,113.647
2019-05-27,113.437
2019-05-24,113.48
2019-05-23,113.675
2019-05-22,113.776
2019-05-21,113.579
2019-05-20,112.941
2019-05-17,112.931
2019-05-16,113.051
2019-05-15,112.754
2019-05-14,112.546
2019-05-13,112.811
2019-05-10,113.621
2019-05-09,113.611
2019-05-08,113.803
2019-05-07,113.833
2019-05-06,113.772
2019-05-03,114.064
2019-05-02,113.491
2019-05-01,113.418
2019-04-30,113.189
2019-04-29,113.181
2019-04-26,112.694
2019-04-25,112.938
2019-04-24,113.117
2019-04-23,112.353
2019-04-22,111.874
2019-04-19,112.408
2019-04-18,112.244
2019-04-17,112.439
2019-04-16,112.813
2019-04-15,112.504
2019-04-12,112.184
2019-04-11,112.635
2019-04-10,112.249
2019-04-09,111.764
2019-04-08,112.157
2019-04-05,112.158
2019-04-04,112.267
2019-04-03,112.949
2019-04-02,113.227
2019-04-01,113.681
2019-03-29,113.879
2019-03-28,114.532
2019-03-27,113.638
2019-03-26,113.89
2019-03-25,113.697
2019-03-22,113.354
2019-03-21,112.709
2019-03-20,112.973
2019-03-19,112.797
2019-03-18,112.539
2019-03-15,112.487
2019-03-14,112.276
2019-03-13,112.354
2019-03-12,111.84
2019-03-11,112.054
2019-03-08,111.917
2019-03-07,111.254
2019-03-06,111.626
2019-03-05,111.103
2019-03-04,110.969
2019-03-01,110.746
2019-02-28,111.525
2019-02-27,111.352
2019-02-26,111.035
2019-02-25,111.065
2019-02-22,110.964
2019-02-21,111.676
2019-02-20,111.187
2019-02-19,111.073
2019-02-18,111.204
2019-02-15,111.269
2019-02-14,110.547
2019-02-13,110.274
2019-02-12,110.065
2019-02-11,110.487
2019-02-08,110.888
2019-02-07,110.738
2019-02-06,111.143
2019-02-05,110.676
2019-02-04,110.807
2019-02-01,111.079
2019-01-31,110.978
2019-01-30,111.378
2019-01-29,111.401
2019-01-28,111.255
2019-01-25,111.656
2019-01-24,111.718
2019-01-23,111.823
2019-01-22,111.059
2019-01-21,111.006
2019-01-18,111.22
2019-01-17,110.969
2019-01-16,111.196
2019-01-15,111.339
2019-01-14,111.44
2019-01-11,112.462
2019-01-10,112.861
2019-01-09,112.875
2019-01-08,112.283
2019-01-07,112.337
2019-01-04,112.537
2019-01-03,111.989
2019-01-02,110.993
2019-01-01,110.844
2018-12-31,110.452
2018-12-28,110.632
2018-12-27,110.458
2018-12-26,110.568
2018-12-25,110.893
2018-12-24,110.671
2018-12-21,110.488
2018-12-20,110.258
2018-12-19,110.048
2018-12-18,109.75
2018-12-17,109.974
2018-12-14,109.98
2018-12-13,110.357
2018-12-12,110.056
2018-12-11,110.542
2018-12-10,110.632
2018-12-07,110.628
2018-12-06,110.336
2018-12-05,110.366
2018-12-04,110.033
2018-12-03,109.529
2018-11-30,109.694
2018-11-29,110.177
2018-11-28,109.782
2018-11-27,109.813
2018-11-26,109.508
2018-11-23,108.809
2018-11-22,108.904
2018-11-21,108.757
2018-11-20,109.41
2018-11-19,109.377
2018-11-16,109.25
2018-11-15,110.075
2018-11-14,110.894
2018-11-13,111.045
2018-11-12,110.748
2018-11-09,110.758
2018-11-08,110.392
2018-11-07,110.346
2018-11-06,109.65
2018-11-05,109.369
2018-11-02,109.39
2018-11-01,109.742
2018-10-31,109.122
2018-10-30,109.089
2018-10-29,109.101
2018-10-26,109.191
2018-10-25,109.836
2018-10-24,109.861
2018-10-23,109.33
2018-10-22,109.045
2018-10-19,109.294
2018-10-18,109.421
2018-10-17,108.813
2018-10-16,108.701
2018-10-15,107.632
2018-10-12,107.363
2018-10-11,107.23
2018-10-10,107.004
2018-10-09,107.108
2018-10-08,107.335
2018-10-05,107.317
2018-10-04,106.786
2018-10-03,107.197
2018-10-02,106.752
2018-10-01,106.902
2018-09-28,107.381
2018-09-27,106.773
2018-09-26,106.607
2018-09-25,105.878
2018-09-24,106.249
2018-09-21,106.426
2018-09-20,106.845
2018-09-19,105.332
2018-09-18,105.4
2018-09-17,104.721
2018-09-14,105.275
2018-09-13,106.048
2018-09-12,106.532
2018-09-11,106.091
2018-09-10,105.98
2018-09-07,106.333
2018-09-06,106.319
2018-09-05,106.569
2018-09-04,106.411
2018-09-03,106.806
2018-08-31,106.216
2018-08-30,106.066
2018-08-29,106.123
2018-08-28,106.198
2018-08-27,105.718
2018-08-24,106.232
2018-08-23,106.672
2018-08-22,107.328
2018-08-21,106.923
2018-08-20,106.866
2018-08-17,106.753
2018-08-16,107.772
2018-08-15,107.324
2018-08-14,106.586
2018-08-13,106.206
2018-08-10,106.117
2018-08-09,107.004
2018-08-08,107.823
2018-08-07,108.645
2018-08-06,108.782
2018-08-03,108.732
2018-08-02,109.314
2018-08-01,109.55
2018-07-31,109.058
2018-07-30,110.137
2018-07-27,109.402
2018-07-26,109.188
2018-07-25,108.769
2018-07-24,108.953
2018-07-23,108.606
2018-07-20,109.402
2018-07-19,109.22
2018-07-18,110.297
2018-07-17,110.917
2018-07-16,110.817
2018-07-13,111.091
2018-07-12,111.289
2018-07-11,110.448
2018-07-10,110.525
2018-07-09,111.018
2018-07-06,111.255
2018-07-05,111.436
2018-07-04,112.638
2018-07-03,113.09
2018-07-02,113.027
2018-06-29,112.743
2018-06-28,112.503
2018-06-27,112.278
2018-06-26,112.658
2018-06-25,112.658
2018-06-22,112.866
2018-06-21,113.347
2018-06-20,113.227
2018-06-19,113.225
2018-06-18,113.26
2018-06-15,113.326
2018-06-14,113.39
2018-06-13,112.883
2018-06-12,112.538
2018-06-11,112.585
2018-06-08,112.381
2018-06-07,112.537
2018-06-06,113.543
2018-06-05,113.553
2018-06-04,113.461
2018-06-01,113.082
2018-05-31,112.288
2018-05-30,112.573
2018-05-29,112.413
2018-05-28,112.176
2018-05-25,112.532
2018-05-24,111.927
2018-05-23,111.477
2018-05-22,111.092
2018-05-21,111.502
2018-05-18,111.21
2018-05-17,111.215
2018-05-16,112.441
2018-05-15,112.621
2018-05-14,112.072
2018-05-11,113.052
2018-05-10,112.872
2018-05-09,113.451
2018-05-08,113.624
2018-05-07,113.495
2018-05-04,113.469
2018-05-03,113.868
2018-05-02,114.013
2018-05-01,113.7
2018-04-30,114.05
2018-04-27,114.088
2018-04-26,114.173
2018-04-25,113.634
2018-04-24,113.173
2018-04-23,113.673
2018-04-20,113.974
2018-04-19,113.74
2018-04-18,113.891
2018-04-17,113.432
2018-04-16,113.511
2018-04-13,112.533
2018-04-12,112.925
2018-04-11,112.195
2018-04-10,112.186
2018-04-09,111.825
2018-04-06,112.277
2018-04-05,112.485
2018-04-04,112.443
2018-04-03,112.688
2018-04-02,112.614
2018-03-30,112.811
2018-03-29,112.75
2018-03-28,112.844
2018-03-27,112.751
2018-03-26,112.471
2018-03-23,112.333
2018-03-22,112.819
2018-03-21,112.221
2018-03-20,111.727
2018-03-19,111.988
2018-03-16,112.458
2018-03-15,112.209
2018-03-14,111.583
2018-03-13,111.563
2018-03-12,110.826
2018-03-09,110.233
2018-03-08,110.477
2018-03-07,110.154
2018-03-06,109.38
2018-03-05,107.842
2018-03-02,108.437
2018-03-01,109.207
2018-02-28,108.798
2018-02-27,109.714
2018-02-26,110.239
2018-02-23,109.965
2018-02-22,110.236
2018-02-21,109.692
2018-02-20,109.241
2018-02-19,109.337
2018-02-16,109.553
2018-02-15,109.039
2018-02-14,109.552
2018-02-13,108.967
2018-02-12,109.183
2018-02-09,109.56
2018-02-08,110.188
2018-02-07,110.666
2018-02-06,109.621
2018-02-05,109.168
2018-02-02,109.188
2018-02-01,110.054
2018-01-31,110.312
2018-01-30,110.743
2018-01-29,110.662
2018-01-26,110.039
2018-01-25,110.725
2018-01-24,110.351
2018-01-23,110.253
2018-01-22,110.69
2018-01-19,111.227
2018-01-18,111.166
2018-01-17,111.885
2018-01-16,111.086
2018-01-15,111.121
2018-01-12,111.887
2018-01-11,111.968
2018-01-10,112.061
2018-01-09,112.621
2018-01-08,112.519
2018-01-05,113.276
2018-01-04,113.152
2018-01-03,113.931
2018-01-02,114.035
2018-01-01,113.894
2017-12-29,113.219
2017-12-28,113.255
2017-12-27,113.277
2017-12-26,113.376
2017-12-25,112.352
2017-12-22,112.17
2017-12-21,112.283
2017-12-20,112.348
2017-12-19,111.851
2017-12-18,111.264
2017-12-15,111.32
2017-12-14,111.386
2017-12-13,111.461
2017-12-12,111.526
2017-12-11,110.857
2017-12-08,110.939
2017-12-07,109.559
2017-12-06,110.065
2017-12-05,109.937
2017-12-04,110.329
2017-12-01,109.971
2017-11-30,109.818
2017-11-29,109.411
2017-11-28,110.453
2017-11-27,110.37
2017-11-24,111.353
2017-11-23,110.779
2017-11-22,110.831
2017-11-21,111.246
2017-11-20,111.312
2017-11-17,111.834
2017-11-16,111.493
2017-11-15,111.765
2017-11-14,111.297
2017-11-13,111.247
2017-11-10,111.477
2017-11-09,110.803
2017-11-08,113.113
2017-11-07,113.775
2017-11-06,113.342
2017-11-03,113.853
2017-11-02,114.266
2017-11-01,113.97
2017-10-31,113.255
2017-10-30,112.686
2017-10-27,112.457
2017-10-26,112.737
2017-10-25,111.982
2017-10-24,111.826
2017-10-23,111.498
2017-10-20,111.251
2017-10-19,111.052
2017-10-18,111.077
2017-10-17,109.757
2017-10-16,109.072
2017-10-13,109.317
2017-10-12,108.861
2017-10-11,108.411
2017-10-10,108.903
2017-10-09,108.567
2017-10-06,109.079
2017-10-05,109.031
2017-10-04,109.615
2017-10-03,110.939
2017-10-02,111.068
2017-09-29,110.799
2017-09-28,110.701
2017-09-27,110.734
2017-09-26,110.895
2017-09-25,111.379
2017-09-22,111.925
2017-09-21,111.036
2017-09-20,111.133
2017-09-19,110.662
2017-09-18,111.303
2017-09-15,110.931
2017-09-14,111.161
2017-09-13,111.708
2017-09-12,112.545
2017-09-11,112.663
2017-09-08,113.321
2017-09-07,113.369
2017-09-06,114.74
2017-09-05,114.879
2017-09-04,114.724
2017-09-01,114.937
2017-08-31,114.332
2017-08-30,113.981
2017-08-29,113.882
2017-08-28,113.995
2017-08-25,114.402
2017-08-24,113.721
2017-08-23,112.77
2017-08-22,112.691
2017-08-21,112.083
2017-08-18,112.606
2017-08-17,113.3
2017-08-16,113.671
2017-08-15,113.08
2017-08-14,112.793
2017-08-11,113.235
2017-08-10,114.162
2017-08-09,114.254
2017-08-08,113.729
2017-08-07,113.169
2017-08-04,113.249
2017-08-03,111.93
2017-08-02,112.381
2017-08-01,111.734
2017-07-31,112.551
2017-07-28,112.797
2017-07-27,113.234
2017-07-26,112.797
2017-07-25,113.773
2017-07-24,115.139
2017-07-21,114.514
2017-07-20,113.274
2017-07-19,113.785
2017-07-18,112.701
2017-07-17,114.592
2017-07-14,114.853
2017-07-13,114.631
2017-07-12,112.619
2017-07-11,114.18
2017-07-10,114.43
2017-07-07,114.711
2017-07-06,115.408
2017-07-05,115.77
2017-07-04,116.011
2017-07-03,116.942
2017-06-30,115.345
2017-06-29,117.222
2017-06-28,117.74
2017-06-27,117.509
2017-06-26,116.929
2017-06-23,116.534
2017-06-22,117.248
2017-06-21,117.421
2017-06-20,117.071
2017-06-19,117.296
2017-06-16,117.517
2017-06-15,117.553
2017-06-14,117.842
2017-06-13,117.086
2017-06-12,117.891
2017-06-09,118.163
2017-06-08,117.039
2017-06-07,115.181
2017-06-06,115.018
2017-06-05,115.276
2017-06-02,114.033
2017-06-01,113.747
2017-05-31,113.996
2017-05-30,113.832
2017-05-29,113.464
2017-05-26,114.065
2017-05-25,114.449
2017-05-24,112.373
2017-05-23,111.925
2017-05-22,113.165
2017-05-19,113.28
2017-05-18,112.489
2017-05-17,111.131
2017-05-16,110.799
2017-05-15,110.877
2017-05-12,110.133
2017-05-11,109.065
2017-05-10,109.177
2017-05-09,108.41
2017-05-08,106.635
2017-05-05,106.798
2017-05-04,105.662
2017-05-03,105.145
2017-05-02,104.454
2017-05-01,103.101
2017-04-28,102.981
2017-04-27,103.297
2017-04-26,104.153
2017-04-25,104.818
2017-04-24,104.73
2017-04-21,105.281
2017-04-20,104.471
2017-04-19,104.218
2017-04-18,104.177
2017-04-17,103.803
2017-04-14,103.946
2017-04-13,103.434
2017-04-12,103.866
2017-04-11,103.883
2017-04-10,104.082
2017-04-07,103.691
2017-04-06,104.205
2017-04-05,103.49
2017-04-04,103.606
2017-04-03,102.862
2017-03-31,103.938
2017-03-30,103.498
2017-03-29,102.883
2017-03-28,101.645
2017-03-27,101.297
2017-03-24,101.322
2017-03-23,101.017
2017-03-22,100.679
2017-03-21,100.424
2017-03-20,100.316
2017-03-17,100.978
2017-03-16,100.745
2017-03-15,100.318
2017-03-14,101.701
2017-03-13,101.92
2017-03-10,102.257
2017-03-09,102.079
2017-03-08,102.408
2017-03-07,102.544
2017-03-06,101.834
2017-03-03,102.669
2017-03-02,102.489
2017-03-01,101.738
2017-02-28,102.011
2017-02-27,103.407
2017-02-24,103.897
2017-02-23,103.238
2017-02-22,103.423
2017-02-21,102.968
2017-02-20,101.912
2017-02-17,101.805
2017-02-16,100.522
2017-02-15,100.451
2017-02-14,100.238
2017-02-13,100.326
2017-02-10,100.187
2017-02-09,99.883
2017-02-08,100.267
2017-02-07,100.302
2017-02-06,101.254
2017-02-03,101.284
2017-02-02,101.955
2017-02-01,101.274
2017-01-31,101.873
2017-01-30,102.446
2017-01-27,101.785
2017-01-26,101.202
2017-01-25,101.24
2017-01-24,100.889
2017-01-23,102.384
2017-01-20,102.056
2017-01-19,105.249
2017-01-18,105.386
2017-01-17,104.631
2017-01-16,105.799
2017-01-13,106.036
2017-01-12,105.809
2017-01-11,106.879
2017-01-10,106.11
2017-01-09,106.147
2017-01-06,104.839
2017-01-05,105.341
2017-01-04,104.466
2017-01-03,104.663
2017-01-02,102.779
2016-12-30,100.549
2016-12-29,100.752
2016-12-28,101.315
2016-12-27,101.711
2016-12-26,102.524
2016-12-23,102.475
2016-12-22,103.198
2016-12-21,102.817
2016-12-20,102.744
2016-12-19,101.981
2016-12-16,102.03
2016-12-15,106.142
2016-12-14,104.393
2016-12-13,104.733
2016-12-12,103.929
2016-12-09,104.1
2016-12-08,104.251
2016-12-07,106.007
2016-12-06,106.097
2016-12-05,106.248
2016-12-02,106.967
2016-12-01,107.076
2016-11-30,106.986
2016-11-29,107.337
2016-11-28,107.552
2016-11-25,106.51
2016-11-24,108.869
2016-11-23,109.533
2016-11-22,110.701
2016-11-21,111.107
2016-11-18,110.25
2016-11-17,109.758
2016-11-16,110.164
2016-11-15,109.988
2016-11-14,109.235
2016-11-11,110.098
2016-11-10,109.959
2016-11-09,110.196
2016-11-08,109.131
2016-11-07,109.02
2016-11-04,108.595
2016-11-03,108.991
2016-11-02,108.399
2016-11-01,109.26
2016-10-31,108.319
2016-10-28,107.104
2016-10-27,107.253
2016-10-26,106.979
2016-10-25,106.579
2016-10-24,106.406
2016-10-21,106.315
2016-10-20,108.095
2016-10-19,111.436
2016-10-18,111.306
2016-10-17,111.198
2016-10-14,111.762
2016-10-13,109.453
2016-10-12,109.833
2016-10-11,109.192
2016-10-10,108.816
2016-10-07,108.728
2016-10-06,109.383
2016-10-05,109.335
2016-10-04,108.54
2016-10-03,107.942
2016-09-30,108.032
2016-09-29,108.185
2016-09-28,109.788
2016-09-27,110.329
2016-09-26,111.323
2016-09-23,111.649
2016-09-22,112.565
2016-09-21,112.41
2016-09-20,112.666
2016-09-19,113.438
2016-09-16,113.066
2016-09-15,112.896
2016-09-14,112.355
2016-09-13,112.362
2016-09-12,111.947
2016-09-09,111.531
2016-09-08,111.384
2016-09-07,112.539
2016-09-06,113.164
2016-09-05,113.822
2016-09-02,113.838
2016-09-01,113.162
2016-08-31,113.319
2016-08-30,112.624
2016-08-29,113.43
2016-08-26,113.714
2016-08-25,113.672
2016-08-24,113.458
2016-08-23,113.972
2016-08-22,112.671
2016-08-19,113.98
2016-08-18,112.991
2016-08-17,112.18
2016-08-16,112.096
2016-08-15,112.894
2016-08-12,112.558
2016-08-11,113.225
2016-08-10,114.075
2016-08-09,114.042
2016-08-08,114.562
2016-08-05,113.192
2016-08-04,112.423
2016-08-03,113.319
2016-08-02,115.107
2016-08-01,115.841
2016-07-29,116.817
2016-07-28,116.773
2016-07-27,117.877
2016-07-26,119.956
2016-07-25,120.969
2016-07-22,121.12
2016-07-21,118.807
2016-07-20,118.658
2016-07-19,118.411
2016-07-18,118.291
2016-07-15,118.768
2016-07-14,117.687
2016-07-13,116.933
2016-07-12,117.627
2016-07-11,117.307
2016-07-08,116.967
2016-07-07,118.053
2016-07-06,117.668
2016-07-05,117.636
2016-07-04,117.755
2016-07-01,117.222
2016-06-30,117.665
2016-06-29,118.463
2016-06-28,119.059
2016-06-27,119.434
2016-06-24,120.23
2016-06-23,120.23
2016-06-22,120.524
2016-06-21,120.452
2016-06-20,120.403
2016-06-17,120.19
2016-06-16,120.376
2016-06-15,120.913
2016-06-14,121.064
2016-06-13,121.172
2016-06-10,121.14
2016-06-09,122.55
2016-06-08,122.203
2016-06-07,121.658
2016-06-06,121.027
2016-06-03,120.994
2016-06-02,121.547
2016-06-01,121.437
2016-05-31,122.926
2016-05-30,123.363
2016-05-27,123.087
2016-05-26,122.594
2016-05-25,123.246
2016-05-24,122.86
2016-05-23,123.098
2016-05-20,122.707
2016-05-19,122.565
2016-05-18,122.697
2016-05-17,122.522
2016-05-16,122.833
2016-05-13,122.766
2016-05-12,122.857
2016-05-11,123.622
2016-05-10,123.438
2016-05-09,123.172
2016-05-06,122.579
2016-05-05,122.595
2016-05-04,122.851
2016-05-03,123.142
2016-05-02,123.168
2016-04-29,123.077
2016-04-28,121.744
2016-04-27,121.567
2016-04-26,121.062
2016-04-25,120.752
2016-04-22,120.598
2016-04-21,120.603
2016-04-20,121.122
2016-04-19,121.087
2016-04-18,120.446
2016-04-15,121.093
2016-04-14,121.459
2016-04-13,120.683
2016-04-12,119.91
2016-04-11,119.835
2016-04-08,119.492
2016-04-07,119.398
2016-04-06,118.887
2016-04-05,118.83
2016-04-04,119.734
2016-04-01,120.03
2016-03-31,120.247
2016-03-30,119.932
2016-03-29,120.013
2016-03-28,120.218
2016-03-25,120.455
2016-03-24,119.871
2016-03-23,119.924
2016-03-22,119.879
2016-03-21,119.733
2016-03-18,119.914
2016-03-17,120.547
2016-03-16,120.06
2016-03-15,120.259
2016-03-14,120.15
2016-03-11,120.543
2016-03-10,119.948
2016-03-09,120.006
2016-03-08,120.557
2016-03-07,120.408
2016-03-04,120.235
2016-03-03,120.565
2016-03-02,120.615
2016-03-01,120.492
2016-02-29,119.809
2016-02-26,119.269
2016-02-25,118.997
2016-02-24,120.056
2016-02-23,120.327
2016-02-22,119.371
2016-02-19,121.223
2016-02-18,121.716
2016-02-17,121.01
2016-02-16,119.891
2016-02-15,118.815
2016-02-12,118.402
2016-02-11,121.97
2016-02-10,123.396
2016-02-09,123.788
2016-02-08,124.397
2016-02-05,124.379
2016-02-04,124.299
2016-02-03,124.406
2016-02-02,124.206
2016-02-01,125.115
2016-01-29,124.616
2016-01-28,124.211
2016-01-27,124.732
2016-01-26,124.852
2016-01-25,124.383
2016-01-22,124.025
2016-01-21,123.854
2016-01-20,124.138
2016-01-19,123.923
2016-01-18,123.556
2016-01-15,123.236
2016-01-14,123.776
2016-01-13,123.924
2016-01-12,123.951
2016-01-11,123.883
2016-01-08,124.279
2016-01-07,124.061
2016-01-06,124.149
2016-01-05,123.758
2016-01-04,123.39
2016-01-01,123.418
2015-12-31,122.763
2015-12-30,121.332
2015-12-29,120.7
2015-12-28,122.523
2015-12-25,122.567
2015-12-24,122.78
2015-12-23,123.05
2015-12-22,123.17
2015-12-21,122.494
2015-12-18,122.538
2015-12-17,123.867
2015-12-16,123.624
2015-12-15,123.846
2015-12-14,123.942
2015-12-11,123.35
2015-12-10,122.658
2015-12-09,122.958
2015-12-08,123.42
2015-12-07,123.354
2015-12-04,123.407
2015-12-03,123.377
2015-12-02,123.407
2015-12-01,122.664
2015-11-30,124.331
2015-11-27,124.474
2015-11-26,125.578
2015-11-25,124.353
2015-11-24,124.245
2015-11-23,124.101
2015-11-20,124.762
2015-11-19,124.135
2015-11-18,123.95
2015-11-17,123.647
2015-11-16,123.088
2015-11-13,121.552
2015-11-12,121.543
2015-11-11,121.026
2015-11-10,121.32
2015-11-09,120.688
2015-11-06,119.972
2015-11-05,119.244
2015-11-04,119.163
2015-11-03,119.139
2015-11-02,119.862
2015-10-30,120.074
2015-10-29,119.758
2015-10-28,119.736
2015-10-27,119.439
2015-10-26,119.842
2015-10-23,120.105
2015-10-22,120.19
2015-10-21,119.368
2015-10-20,119.01
2015-10-19,118.854
2015-10-16,119.03
2015-10-15,118.972
2015-10-14,119.577
2015-10-13,119.898
2015-10-12,119.65
2015-10-09,119.146
2015-10-08,118.837
2015-10-07,118.99
2015-10-06,119.135
2015-10-05,119.389
2015-10-02,120.114
2015-10-01,120.169
2015-09-30,120.568
2015-09-29,120.124
2015-09-28,120.261
2015-09-25,119.524
2015-09-24,118.926
2015-09-23,119.707
2015-09-22,119.754
2015-09-21,120.128
2015-09-18,120.063
2015-09-17,119.123
2015-09-16,119.174
2015-09-15,119.482
2015-09-14,119.75
2015-09-11,119.723
2015-09-10,120.023
2015-09-09,120.777
2015-09-08,120.104
2015-09-07,121.359
2015-09-04,121.332
2015-09-03,121.368
2015-09-02,121.283
2015-09-01,121.439
2015-08-31,121.117
2015-08-28,121.146
2015-08-27,120.827
2015-08-26,120.123
2015-08-25,119.653
2015-08-24,119.72
2015-08-21,120.118
2015-08-20,119.57
2015-08-19,119.41
2015-08-18,118.855
2015-08-17,118.964
2015-08-14,118.806
2015-08-13,118.971
2015-08-12,118.94
2015-08-11,118.784
2015-08-10,119.235
2015-08-07,118.474
2015-08-06,118.734
2015-08-05,119.104
2015-08-04,120.451
2015-08-03,119.415
2015-07-31,118.629
2015-07-30,119.095
2015-07-29,117.52
2015-07-28,117.253
2015-07-27,117.55
2015-07-24,117.584
2015-07-23,117.501
2015-07-22,118.276
2015-07-21,117.515
2015-07-20,117.866
2015-07-17,118.453
2015-07-16,117.737
2015-07-15,118.484
2015-07-14,117.956
2015-07-13,118.803
2015-07-10,117.556
2015-07-09,117.58
2015-07-08,116.161
2015-07-07,117.32
2015-07-06,117.925
2015-07-03,118.341
2015-07-02,118.464
2015-07-01,119.655
2015-06-30,119.255
2015-06-29,118.375
2015-06-26,119.636
2015-06-25,120.448
2015-06-24,119.724
2015-06-23,119.667
2015-06-22,119.466
2015-06-19,120.66
2015-06-18,120.338
2015-06-17,120.066
2015-06-16,120.481
2015-06-15,120.68
2015-06-12,120.053
2015-06-11,119.554
2015-06-10,118.834
2015-06-09,118.638
2015-06-08,116.395
2015-06-05,117.814
2015-06-04,118.736
2015-06-03,118.636
2015-06-02,117.813
2015-06-01,119.69
2015-05-29,120.684
2015-05-28,121.425
2015-05-27,119.779
2015-05-26,119.79
2015-05-25,119.211
2015-05-22,118.391
2015-05-21,118.576
2015-05-20,117.696
2015-05-19,117.724
2015-05-18,117.971
2015-05-15,118.268
2015-05-14,117.767
2015-05-13,118.199
2015-05-12,117.966
2015-05-11,116.855
2015-05-08,116.639
2015-05-07,116.221
2015-05-06,115.764
2015-05-05,115.486
2015-05-04,115.764
2015-05-01,114.854
2015-04-30,114.576
2015-04-29,115.208
2015-04-28,114.637
2015-04-27,113.595
2015-04-24,114.041
2015-04-23,112.299
2015-04-22,109.212
2015-04-21,108.888
2015-04-20,108.153
2015-04-17,107.814
2015-04-16,108.156
2015-04-15,108.264
2015-04-14,107.134
2015-04-13,106.994
2015-04-10,106.944
2015-04-09,106.867
2015-04-08,106.326
2015-04-07,105.907
2015-04-06,107.046
2015-04-03,106.834
2015-04-02,107.645
2015-04-01,107.836
2015-03-31,108.074
2015-03-30,108.023
2015-03-27,108.776
2015-03-26,109.752
2015-03-25,108.42
2015-03-24,108.887
2015-03-23,109.648
2015-03-20,109.493
2015-03-19,109.289
2015-03-18,108.746
2015-03-17,109.037
2015-03-16,108.886
2015-03-13,108.835
2015-03-12,109.01
2015-03-11,108.679
2015-03-10,108.369
2015-03-09,107.121
2015-03-06,107.18
2015-03-05,107.334
2015-03-04,107.102
2015-03-03,106.856
2015-03-02,106.193
2015-02-27,106.03
2015-02-26,105.084
2015-02-25,105.266
2015-02-24,104.788
2015-02-23,105.093
2015-02-20,104.343
2015-02-19,104.076
2015-02-18,103.716
2015-02-17,103.876
2015-02-16,104.061
2015-02-13,104.049
2015-02-12,103.85
2015-02-11,103.849
2015-02-10,103.757
2015-02-09,102.914
2015-02-06,102.564
2015-02-05,102.333
2015-02-04,102.449
2015-02-03,102.414
2015-02-02,102.259
2015-01-30,102.187
2015-01-29,102.015
2015-01-28,102.092
2015-01-27,102.102
2015-01-26,102.592
2015-01-23,102.564
2015-01-22,102.588
2015-01-21,102.793
2015-01-20,102.792
2015-01-19,102.114
2015-01-16,101.858
2015-01-15,101.81
2015-01-14,101.812
2015-01-13,101.478
2015-01-12,101.464
2015-01-09,101.396
2015-01-08,101.325
2015-01-07,101.167
2015-01-06,101.664
2015-01-05,101.682
2015-01-02,101.536
2015-01-01,101.251
2014-12-31,101.337
2014-12-30,101.637
2014-12-29,101.571
2014-12-26,101.855
2014-12-25,102.005
2014-12-24,102.187
2014-12-23,101.772
2014-12-22,101.522
2014-12-19,101.323
2014-12-18,101.374
2014-12-17,101.725
2014-12-16,101.862
2014-12-15,101.969
2014-12-12,101.921
2014-12-11,102.06
2014-12-10,101.936
2014-12-09,101.918
2014-12-08,102.145
2014-12-05,101.824
2014-12-04,102.017
2014-12-03,101.694
2014-12-02,102.073
2014-12-01,102.352
2014-11-28,102.525
2014-11-27,102.459
2014-11-26,102.409
2014-11-25,102.745
2014-11-24,102.506
2014-11-21,102.381
2014-11-20,101.756
2014-11-19,101.785
2014-11-18,101.84
2014-11-17,101.973
2014-11-14,101.933
2014-11-13,101.952
2014-11-12,101.733
2014-11-11,101.359
2014-11-10,101.323
2014-11-07,101.494
2014-11-06,101.477
2014-11-05,101.578
2014-11-04,101.884
2014-11-03,102.252
2014-10-31,102.117
2014-10-30,101.844
2014-10-29,101.656
2014-10-28,101.898
2014-10-27,101.681
2014-10-24,102.14
2014-10-23,102.174
2014-10-22,102.324
2014-10-21,102.232
2014-10-20,102.636
2014-10-17,102.488
2014-10-16,102.162
2014-10-15,102.315
2014-10-14,102.536
2014-10-13,102.611
2014-10-10,102.6
2014-10-09,102.372
2014-10-08,102.385
2014-10-07,102.228
2014-10-06,101.912
2014-10-03,101.843
2014-10-02,101.614
2014-10-01,101.53
2014-09-30,101.992
2014-09-29,101.808
2014-09-26,103.093
2014-09-25,103.23
2014-09-24,103.92
2014-09-23,103.881
2014-09-22,103.645
2014-09-19,103.224
2014-09-18,102.82
2014-09-17,102.178
2014-09-16,102.029
2014-09-15,102.256
2014-09-12,102.242
2014-09-11,102.263
2014-09-10,102.386
2014-09-09,102.316
2014-09-08,101.441
2014-09-05,101.768
2014-09-04,101.334
2014-09-03,101.835
2014-09-02,102.747
2014-09-01,103.021
2014-08-29,103.263
2014-08-28,103.243
2014-08-27,103.064
2014-08-26,102.296
2014-08-25,102.209
2014-08-22,101.44
2014-08-21,101.733
2014-08-20,101.735
2014-08-19,102.125
2014-08-18,102.362
2014-08-15,102.233
2014-08-14,102.498
2014-08-13,102.463
2014-08-12,102.269
2014-08-11,102.302
2014-08-08,102.352
2014-08-07,101.913
2014-08-06,101.785
2014-08-05,102.165
2014-08-04,102.525
2014-08-01,102.625
2014-07-31,102.257
2014-07-30,102.292
2014-07-29,102.101
2014-07-28,101.445
2014-07-25,101.64
2014-07-24,100.974
2014-07-23,101.94
2014-07-22,102.713
2014-07-21,102.283
2014-07-18,102.937
2014-07-17,102.541
2014-07-16,102.33
2014-07-15,103.264
2014-07-14,104.513
2014-07-11,104.296
2014-07-10,104.17
2014-07-09,104.224
2014-07-08,104.347
2014-07-07,104.553
2014-07-04,104.209
2014-07-03,102.991
2014-07-02,104.162
2014-07-01,104.811
2014-06-30,104.842
2014-06-27,104.589
2014-06-26,104.215
2014-06-25,104.846
2014-06-24,104.784
2014-06-23,105.259
2014-06-20,105.259
2014-06-19,105.146
2014-06-18,105.138
2014-06-17,104.794
2014-06-16,104.362
2014-06-13,104.209
2014-06-12,104.103
2014-06-11,104.028
2014-06-10,104.24
2014-06-09,104.28
2014-06-06,102.662
2014-06-05,103.01
2014-06-04,103.166
2014-06-03,103.366
2014-06-02,102.426
2014-05-30,102.842
2014-05-29,103.262
2014-05-28,102.893
2014-05-27,101.789
2014-05-26,102.352
2014-05-23,102.506
2014-05-22,102.935
2014-05-21,102.389
2014-05-20,102.407
2014-05-19,102.314
2014-05-16,102.157
2014-05-15,101.286
2014-05-14,101.669
2014-05-13,101.262
2014-05-12,101.152
2014-05-09,100.027
2014-05-08,100.129
2014-05-07,99.986
2014-05-06,100.166
2014-05-05,100.01
2014-05-02,99.234
2014-05-01,99.629
2014-04-30,99.151
2014-04-29,99.056
2014-04-28,98.087
2014-04-25,98.655
2014-04-24,98.494
2014-04-23,98.6
2014-04-22,98.662
2014-04-21,98.353
2014-04-18,98.506
2014-04-17,98.179
2014-04-16,97.661
2014-04-15,97.397
2014-04-14,97.276
2014-04-11,97.373
2014-04-10,98.129
2014-04-09,98.185
2014-04-08,97.734
2014-04-07,97.905
2014-04-04,98.761
2014-04-03,98.173
2014-04-02,98.559
2014-04-01,98.54
2014-03-31,98.152
2014-03-28,97.334
2014-03-27,96.864
2014-03-26,96.699
2014-03-25,97.462
2014-03-24,97.251
2014-03-21,97.35
2014-03-20,97.985
2014-03-19,98.206
2014-03-18,98.22
2014-03-17,98.976
2014-03-14,98.43
2014-03-13,98.735
2014-03-12,98.829
2014-03-11,99.31
2014-03-10,99.456
2014-03-07,97.931
2014-03-06,99.123
2014-03-05,99.059
2014-03-04,99.358
2014-03-03,99.53
2014-02-28,99.884
2014-02-27,100.368
2014-02-26,99.569
2014-02-25,99.08
2014-02-24,100.101
2014-02-21,99.743
2014-02-20,99.567
2014-02-19,99.332
2014-02-18,98.173
2014-02-17,98.343
2014-02-14,97.631
2014-02-13,97.025
2014-02-12,98.502
2014-02-11,98.716
2014-02-10,98.706
2014-02-07,97.668
2014-02-06,97.264
2014-02-05,97.545
2014-02-04,97.518
2014-02-03,97.351
2014-01-31,98.126
2014-01-30,98.204
2014-01-29,96.898
2014-01-28,96.219
2014-01-27,96.698
2014-01-24,96.324
2014-01-23,97.729
2014-01-22,98.288
2014-01-21,98.957
2014-01-20,99.539
2014-01-17,97.866
2014-01-16,98.027
2014-01-15,97.954
2014-01-14,98.223
2014-01-13,99.289
2014-01-10,100.251
2014-01-09,99.406
2014-01-08,99.657
2014-01-07,100.541
2014-01-06,100.416
2014-01-03,99.569
2014-01-02,99.091
2014-01-01,99.849
2013-12-31,99.168
2013-12-30,98.949
2013-12-27,99.669
2013-12-26,101.143
2013-12-25,100.956
2013-12-24,101.17
2013-12-23,100.024
2013-12-20,99.883
2013-12-19,100.622
2013-12-18,99.641
2013-12-17,99.135
2013-12-16,98.337
2013-12-13,97.739
2013-12-12,97.808
2013-12-11,97.725
2013-12-10,97.894
2013-12-09,97.321
2013-12-06,96.456
2013-12-05,95.318
2013-12-04,94.5
2013-12-03,94.126
2013-12-02,95.366
2013-11-29,96.016
2013-11-28,96.011
2013-11-27,98.757
2013-11-26,97.535
2013-11-25,96.967
2013-11-22,99.04
2013-11-21,100.036
2013-11-20,99.52
2013-11-19,100.472
2013-11-18,100.726
2013-11-15,101.148
2013-11-14,102.368
2013-11-13,100.946
2013-11-12,101.299
2013-11-11,102.01
2013-11-08,103.154
2013-11-07,102.47
2013-11-06,102.263
2013-11-05,103.212
2013-11-04,102.252
2013-11-01,102.25
2013-10-31,102.404
2013-10-30,101.822
2013-10-29,101.602
2013-10-28,100.583
2013-10-25,98.994
2013-10-24,98.988
2013-10-23,99.312
2013-10-22,98.993
2013-10-21,97.927
2013-10-18,97.376
2013-10-17,97.425
2013-10-16,97.737
2013-10-15,98.033
2013-10-14,99.254
2013-10-11,99.511
2013-10-10,99.454
2013-10-09,99.23
2013-10-08,99.514
2013-10-07,98.154
2013-10-04,98.109
2013-10-03,97.516
2013-10-02,96.734
2013-10-01,98.371
2013-09-30,99.656
2013-09-27,99.758
2013-09-26,99.018
2013-09-25,99.356
2013-09-24,97.569
2013-09-23,96.331
2013-09-20,93.035
2013-09-19,93.43
2013-09-18,93.234
2013-09-17,94.195
2013-09-16,94.127
2013-09-13,94.445
2013-09-12,94.436
2013-09-11,94.155
2013-09-10,94.471
2013-09-09,94.899
2013-09-06,95.996
2013-09-05,95.159
2013-09-04,95.2
2013-09-03,95.289
2013-09-02,96.108
2013-08-30,96.102
2013-08-29,96.075
2013-08-28,96.27
2013-08-27,95.984
2013-08-26,94.818
2013-08-23,94.063
2013-08-22,93.28
2013-08-21,93.483
2013-08-20,93.555
2013-08-19,92.552
2013-08-16,92.221
2013-08-15,91.975
2013-08-14,91.805
2013-08-13,93.402
2013-08-12,93.106
2013-08-09,93.554
2013-08-08,93.566
2013-08-07,93.955
2013-08-06,93.488
2013-08-05,92.862
2013-08-02,93.384
2013-08-01,93.465
2013-07-31,94.308
2013-07-30,92.659
2013-07-29,93.628
2013-07-26,93.613
2013-07-25,93.633
2013-07-24,92.373
2013-07-23,92.826
2013-07-22,91.709
2013-07-19,91.089
2013-07-18,90.714
2013-07-17,90.847
2013-07-16,90.858
2013-07-15,90.317
2013-07-12,88.606
2013-07-11,88.703
2013-07-10,89.588
2013-07-09,90.084
2013-07-08,89.863
2013-07-05,88.381
2013-07-04,88.794
2013-07-03,89.472
2013-07-02,89.177
2013-07-01,88.777
2013-06-28,87.876
2013-06-27,87.05
2013-06-26,87.788
2013-06-25,88.147
2013-06-24,87.233
2013-06-21,87.339
2013-06-20,86.701
2013-06-19,86.741
2013-06-18,85.909
2013-06-17,86.096
2013-06-14,85.623
2013-06-13,84.728
2013-06-12,84.938
2013-06-11,84.242
2013-06-10,84.376
2013-06-07,84.405
2013-06-06,84.203
2013-06-05,83.884
2013-06-04,83.492
2013-06-03,83.644
2013-05-31,83.259
2013-05-30,82.513
2013-05-29,82.359
2013-05-28,82.486
2013-05-27,82.393
2013-05-24,82.464
2013-05-23,81.896
2013-05-22,82.236
2013-05-21,82.47
2013-05-20,82.468
2013-05-17,82.109
2013-05-16,82.071
2013-05-15,82.149
2013-05-14,82.073
2013-05-13,82.382
2013-05-10,82.463
2013-05-09,82.517
2013-05-08,81.672
2013-05-07,81.409
2013-05-06,81.299
2013-05-03,81.166
2013-05-02,80.244
2013-05-01,79.376
2013-04-30,79.485
2013-04-29,79.479
2013-04-26,79.465
2013-04-25,79.991
2013-04-24,80.348
2013-04-23,80.282
2013-04-22,80.426
2013-04-19,80.119
2013-04-18,79.76
2013-04-17,79.626
2013-04-16,79.796
2013-04-15,79.622
2013-04-12,80.294
2013-04-11,79.798
2013-04-10,79.846
2013-04-09,79.936
2013-04-08,79.312
2013-04-05,79.267
2013-04-04,78.932
2013-04-03,78.882
2013-04-02,78.64
2013-04-01,78.446
2013-03-29,78.327
2013-03-28,78.178
2013-03-27,78.25
2013-03-26,78.332
2013-03-25,78.648
2013-03-22,78.474
2013-03-21,78.485
2013-03-20,78.148
2013-03-19,77.981
2013-03-18,77.921
2013-03-15,77.596
2013-03-14,77.738
2013-03-13,77.791
2013-03-12,77.843
2013-03-11,78.156
2013-03-08,78.235
2013-03-07,78.373
2013-03-06,78.803
2013-03-05,78.698
2013-03-04,78.38
2013-03-01,77.476
2013-02-28,77.846
2013-02-27,77.765
2013-02-26,78.277
2013-02-25,78.224
2013-02-22,78.854
2013-02-21,78.387
2013-02-20,78.406
2013-02-19,78.251
2013-02-18,78.367
2013-02-15,78.379
2013-02-14,78.61
2013-02-13,78.701
2013-02-12,78.506
2013-02-11,78.739
2013-02-08,78.655
2013-02-07,78.486
2013-02-06,78.575
2013-02-05,79.275
2013-02-04,79.418
2013-02-01,79.545
2013-01-31,79.339
2013-01-30,78.989
2013-01-29,78.728
2013-01-28,78.307
2013-01-25,78.266
2013-01-24,78.559
2013-01-23,78.432
2013-01-22,78.595
2013-01-21,78.241
2013-01-18,78.452
2013-01-17,78.238
2013-01-16,78.427
2013-01-15,78.111
2013-01-14,78.171
2013-01-11,78.469
2013-01-10,78.206
2013-01-09,78.156
2013-01-08,78.171
2013-01-07,78.374
2013-01-04,78.487
2013-01-03,78.582
2013-01-02,78.797
2013-01-01,79.053
2012-12-31,78.861
2012-12-28,79.191
2012-12-27,79.302
2012-12-26,79.756
2012-12-25,79.415
2012-12-24,79.549
2012-12-21,79.668
2012-12-20,79.908
2012-12-19,79.867
2012-12-18,79.783
2012-12-17,79.502
2012-12-14,79.779
2012-12-13,79.782
2012-12-12,79.448
2012-12-11,79.704
2012-12-10,79.5
2012-12-07,79.657
2012-12-06,80.431
2012-12-05,80.27
2012-12-04,79.522
2012-12-03,78.941
2012-11-30,79.096
2012-11-29,78.703
2012-11-28,79.339
2012-11-27,79.476
2012-11-26,79.52
2012-11-23,79.429
2012-11-22,79.449
2012-11-21,79.615
2012-11-20,79.188
2012-11-19,78.751
2012-11-16,78.339
2012-11-15,77.986
2012-11-14,78.311
2012-11-13,79.06
2012-11-12,79.483
2012-11-09,79.459
2012-11-08,79.673
2012-11-07,79.591
2012-11-06,79.471
2012-11-05,79.95
2012-11-02,79.297
2012-11-01,79.002
2012-10-31,79.258
2012-10-30,80.32
2012-10-29,80.169
2012-10-26,79.835
2012-10-25,79.918
2012-10-24,79.922
2012-10-23,79.627
2012-10-22,79.863
2012-10-19,79.91
2012-10-18,79.839
2012-10-17,80.163
2012-10-16,80.132
2012-10-15,80.085
2012-10-12,79.816
2012-10-11,80.251
2012-10-10,80.983
2012-10-09,81.338
2012-10-08,81.304
2012-10-05,81.171
2012-10-04,81.522
2012-10-03,81.596
2012-10-02,81.245
2012-10-01,80.837
2012-09-28,80.397
2012-09-27,80.912
2012-09-26,80.88
2012-09-25,80.85
2012-09-24,80.668
2012-09-21,81.479
2012-09-20,81.639
2012-09-19,82.355
2012-09-18,82.449
2012-09-17,82.799
2012-09-14,82.069
2012-09-13,82.837
2012-09-12,82.865
2012-09-11,82.454
2012-09-10,82.89
2012-09-07,83.167
2012-09-06,82.809
2012-09-05,82.343
2012-09-04,82.525
2012-09-03,83.396
2012-08-31,83.692
2012-08-30,83.341
2012-08-29,83.435
2012-08-28,83.565
2012-08-27,83.722
2012-08-24,82.943
2012-08-23,82.224
2012-08-22,82.47
2012-08-21,81.545
2012-08-20,81.08
2012-08-17,80.888
2012-08-16,81.549
2012-08-15,81.789
2012-08-14,81.112
2012-08-13,81.144
2012-08-10,80.455
2012-08-09,80.604
2012-08-08,81.182
2012-08-07,79.994
2012-08-06,80.289
2012-08-03,79.732
2012-08-02,79.627
2012-08-01,79.538
2012-07-31,78.93
2012-07-30,78.427
2012-07-27,78.432
2012-07-26,77.565
2012-07-25,77.6
2012-07-24,77.659
2012-07-23,77.031
2012-07-20,76.758
2012-07-19,76.545
2012-07-18,76.593
2012-07-17,76.215
2012-07-16,76.193
2012-07-13,76.262
2012-07-12,76.343
2012-07-11,76.645
2012-07-10,76.675
2012-07-09,77.448
2012-07-06,77.777
2012-07-05,77.666
2012-07-04,77.02
2012-07-03,76.945
2012-07-02,76.969
2012-06-29,77.106
2012-06-28,76.824
2012-06-27,76.825
2012-06-26,76.777
2012-06-25,77.059
2012-06-22,76.949
2012-06-21,76.755
2012-06-20,76.853
2012-06-19,76.841
2012-06-18,76.816
2012-06-15,76.871
2012-06-14,76.992
2012-06-13,77.111
2012-06-12,76.709
2012-06-11,76.73
2012-06-08,76.884
2012-06-07,76.92
2012-06-06,76.901
2012-06-05,77.633
2012-06-04,77.931
2012-06-01,77.876
2012-05-31,77.967
2012-05-30,78.07
2012-05-29,78.164
2012-05-28,78.06
2012-05-25,77.884
2012-05-24,78.04
2012-05-23,77.761
2012-05-22,77.85
2012-05-21,78.07
2012-05-18,77.993
2012-05-17,77.907
2012-05-16,77.641
2012-05-15,77.635
2012-05-14,77.675
2012-05-11,77.73
2012-05-10,77.814
2012-05-09,77.965
2012-05-08,77.69
2012-05-07,77.611
2012-05-04,77.921
2012-05-03,77.986
2012-05-02,77.714
2012-05-01,77.108
2012-04-30,77.299
2012-04-27,76.963
2012-04-26,76.88
2012-04-25,76.889
2012-04-24,76.975
2012-04-23,77.05
2012-04-20,77.021
2012-04-19,77.058
2012-04-18,77.189
2012-04-17,77.642
2012-04-16,77.809
2012-04-13,77.722
2012-04-12,78.042
2012-04-11,78.228
2012-04-10,78.049
2012-04-09,78.038
2012-04-06,78.351
2012-04-05,78.161
2012-04-04,75.797
2012-04-03,75.938
2012-04-02,76.17
2012-03-30,76.092
2012-03-29,76.09
2012-03-28,76.25
2012-03-27,76.797
2012-03-26,76.802
2012-03-23,76.811
2012-03-22,76.818
2012-03-21,77.201
2012-03-20,76.884
2012-03-19,77.246
2012-03-16,76.64
2012-03-15,76.669
2012-03-14,76.714
2012-03-13,76.709
2012-03-12,76.786
2012-03-09,76.8
2012-03-08,76.617
2012-03-07,77.047
2012-03-06,77.034
2012-03-05,76.828
2012-03-02,76.597
2012-03-01,76.807
2012-02-29,76.349
2012-02-28,76.571
2012-02-27,76.23
2012-02-24,76.446
2012-02-23,76.44
2012-02-22,76.577
2012-02-21,76.769
2012-02-20,76.69
2012-02-17,76.615
2012-02-16,76.94
2012-02-15,77.195
2012-02-14,77.572
2012-02-13,77.497
2012-02-10,77.25
2012-02-09,77.643
2012-02-08,76.871
2012-02-07,76.787
2012-02-06,76.917
2012-02-03,76.658
2012-02-02,76.731
2012-02-01,76.824
2012-01-31,76.652
2012-01-30,77.458
2012-01-27,76.965
2012-01-26,76.637
2012-01-25,76.778
2012-01-24,76.529
2012-01-23,76.569
2012-01-20,76.59
2012-01-19,76.779
2012-01-18,76.832
2012-01-17,76.708
2012-01-16,76.83
2012-01-13,76.846
2012-01-12,76.947
2012-01-11,77.737
2012-01-10,78.419
2012-01-09,78.878
2012-01-06,77.042
2012-01-05,77.128
2012-01-04,77.204
2012-01-03,76.768
2012-01-02,77.657
2011-12-30,77.97
2011-12-29,77.866
2011-12-28,78.274
2011-12-27,78.521
2011-12-26,78.28
2011-12-23,78.76
2011-12-22,79.163
2011-12-21,79.029
2011-12-20,79.117
2011-12-19,79.121
2011-12-16,78.951
2011-12-15,79.231
2011-12-14,80.246
2011-12-13,80.589
2011-12-12,81.223
2011-12-09,80.904
2011-12-08,81.055
2011-12-07,80.776
2011-12-06,80.805
2011-12-05,80.559
2011-12-02,80.757
2011-12-01,81.103
2011-11-30,80.872
2011-11-29,80.389
2011-11-28,80.489
2011-11-25,80.278
2011-11-24,80.192
2011-11-23,80.252
2011-11-22,80.01
2011-11-21,80.63
2011-11-18,80.933
2011-11-17,80.476
2011-11-16,80.225
2011-11-15,80.292
2011-11-14,80.353
2011-11-11,79.884
2011-11-10,80.094
2011-11-09,80.089
2011-11-08,80.238
2011-11-07,80.886
2011-11-04,80.932
2011-11-03,81.508
2011-11-02,80.913
2011-11-01,80.796
2011-10-31,81.268
2011-10-28,81.961
2011-10-27,81.947
2011-10-26,81.996
2011-10-25,81.71
2011-10-24,81.595
2011-10-21,81.673
2011-10-20,81.398
2011-10-19,80.778
2011-10-18,80.744
2011-10-17,80.925
